id,0,1,2,3,4,5,6,7,8,9,10,11,12,13,14,weight
1055750931118544_1366859053341062,,,,,,,,,,1.0,,,,,,0.0478478218528858
1062349423792037_1083687541658225,,,,,,0.0,,,,,,,,,,0.03748187582505572
106609252839021_215099888656623,,,,,0.0,,,,,,,,,,1.0,0.0478478218528858
106609252839021_234542573379021,,,,,,1.0,,,,,,,,,,0.11253219069878162
106609252839021_402452943254649,,1.0,,,,,,,,,,,,,,0.03471185266939341
106952222676974_1027514333954087,,,,,,,,,,,,,,,1.0,0.11374407582938388
106952222676974_1030764600295727,,,1.0,,,,,,,,,,,,,0.03471185266939341
106952222676974_1208726602499525,,,,,,,,,,,,,,1.0,,0.03748187582505572
106952222676974_1348293991876118,,,1.0,,,,,,,,,,,,,0.07405483780215975
106952222676974_700319776673546,0.0,,,,,,,,,,,,,,,0.03715726373650155
106952222676974_851875028184686,,,,,,,0.0,,,,,,,,,0.07364366248999113
106952222676974_861507933888062,,,,,,,,0.0,,,,,,,,0.07792854205890627
106952222676974_874944789211043,,,,,,,0.0,,,1.0,,,,,,0.0478478218528858
106952222676974_976009629104558,,,1.0,,,,,,,,,,,,,0.07251834058300331
1085388398186784_1235319089860380,,,,,,,,,,,,,,0.0,,0.027072648185418425
113283418726200_784885944899274,,,0.0,,,,,,0.0,,,,,,,0.11253219069878162
113283418726200_836349159752952,,,,,,,0.0,,,,,,,,,0.0799844186197494
113836012012239_1016313061764525,,,,1.0,,,,,,,,,,0.0,,0.11374407582938388
113836012012239_1276993642363131,,,,,,,,,,,0.0,,,,,0.06271505550866714
113836012012239_1353932408002587,,,,,,,,,,,,1.0,,,,0.07251834058300331
113836012012239_1361439470585214,,,,,,,,,,0.0,,,,,,0.08697439892661603
113836012012239_202469726482200,,,,,,,,,0.0,,,,,,,0.11374407582938388
113836012012239_468640993198404,,,,,,0.0,,,,,,,,,,0.07405483780215975
113836012012239_785301411532359,,,,,1.0,,,,,,,,,,,0.03715726373650155
113836012012239_908548435874322,,,,,,,,,1.0,,,,,,0.0,0.08697439892661603
113836012012239_937081416354357,,,,,,,,,1.0,,,,,,,0.0478478218528858
113836012012239_953070698088762,,,,,0.0,,,,,,,,,,,0.07405483780215975
113836012012239_956634791065686,,,,,,,,,1.0,,,,,,,0.0478478218528858
114777238691209_119029301599336,,,,,,,,,,,,,1.0,,,0.03471185266939341
116061635098137_1136657606371863,,,,,,,,,,,1.0,,,,,0.08697439892661603
116061635098137_120225654711790,,,,,,,1.0,,,,,,,,,0.0478478218528858
116061635098137_125093187556527,,0.0,,,,,,,,,,,,1.0,,0.06271505550866714
116061635098137_1291825640855058,,,0.0,,,,,,,,,,,,,0.07251834058300331
116061635098137_209039805796184,,,,,,,,1.0,,,,,,,,0.027072648185418425
117286478282546_1218635541480962,,,,,,,,,1.0,,,,,,,0.11253219069878162
118490798169181_1200524093299174,,,,,,,0.0,,,,1.0,,,,,0.06163301521348655
118490798169181_191541087529229,,,,,,,,,1.0,,,,,,,0.0799844186197494
118490798169181_211786095515300,,,,,,,0.0,,,,,,,,,0.027072648185418425
118948271632865_300880020106355,,,,,0.0,,,,,1.0,,,,,,0.0799844186197494
118948271632865_332145020313188,,,,,,,,,,1.0,,,,,,0.07792854205890627
118948271632865_340713292789694,,,,,,,1.0,,0.0,,,,,,,0.06163301521348655
118948271632865_363013380559685,,,,,,,,,1.0,,,,,,,0.07405483780215975
118948271632865_383495968511426,0.0,,,,0.0,,,,,,,,,,,0.027072648185418425
118948271632865_409941602533529,,1.0,,,,,,,,,,,,,,0.0478478218528858
118948271632865_420403648153991,,0.0,,,,,,1.0,,,,,,,,0.06163301521348655
118948271632865_560180314176323,,,,,,,,,1.0,,,,,,,0.0478478218528858
120358338059856_1094824083946605,,,,,,,,,,,1.0,,,,,0.0478478218528858
120358338059856_1116033851825628,,,,0.0,,,,,,,,,,,,0.03471185266939341
120358338059856_1128700873892259,,,,,,,,,,,,,,,1.0,0.11374407582938388
120358338059856_199931183435904,,,,,,,,,1.0,,,,,,,0.06163301521348655
120358338059856_253365378092484,,,,,,0.0,,,,,,,,,,0.07364366248999113
120358338059856_284011621694526,,,,1.0,,,,,,,,,,,,0.03715726373650155
120358338059856_500146176747735,,1.0,,,,,,,,,,,,,,0.03748187582505572
120358338059856_641229812639370,,,,,,,,,,,0.0,,,0.0,,0.0478478218528858
120358338059856_658980950864256,1.0,,,,,,,,,,,,,,,0.07792854205890627
120358338059856_716856215076729,,,1.0,,,,,,,,,,,,,0.07792854205890627
120358338059856_735596423202708,,0.0,,,,,,,,,1.0,,,,,0.11253219069878162
120358338059856_737372079691809,,,,,,,,0.0,,,,,,,,0.11253219069878162
120358338059856_809603412468675,,,,1.0,1.0,,,,,,,,,,,0.03471185266939341
120358338059856_902213789874303,,,,,,,,,,,,,,1.0,,0.07405483780215975
120358338059856_911978328897849,,,,,,,,1.0,0.0,,,,,,,0.03715726373650155
120358338059856_994543560641325,,,,,,,0.0,,,,,,,,1.0,0.027072648185418425
122569581108638_1288879597810958,,,,,,,,,,0.0,,,,,,0.06271505550866714
123900591027437_1143504912400328,,,,,,,,,,,,,0.0,,,0.06163301521348655
123900591027437_1238431549574330,,,,,,1.0,,,,,,0.0,,,,0.07792854205890627
123900591027437_290330307672052,0.0,,,,,,,,,,,1.0,,,,0.06163301521348655
123900591027437_446394635444696,,,,,,,,,,,,,,,0.0,0.07792854205890627
123900591027437_480989608651865,,,,,,0.0,,,,,,,,,,0.08697439892661603
123900591027437_486156648135161,,,,1.0,,,,,,,,,,,,0.07251834058300331
123900591027437_542599719157520,,,,,,,1.0,,,,,,,,,0.07405483780215975
123900591027437_556442881106537,,,,,,,,,,,,,1.0,,,0.08697439892661603
123900591027437_762438357173654,,,,,,,,,,0.0,,,,,,0.07792854205890627
123900591027437_797238217027001,,,,,,,,,,,1.0,1.0,,,,0.06163301521348655
123900591027437_833665916717564,,,,,,,,,,,,,,0.0,,0.11253219069878162
123900591027437_905592132858275,,,,,,,,,,,,,,0.0,,0.07251834058300331
12458150929_10151634297685930,,,,,,,,,,,,,0.0,,,0.07405483780215975
12458150929_10151783160785930,,,,,,,,,,1.0,,,,,,0.08697439892661603
12458150929_10153063219480930,,,,,,,,,,,0.0,0.0,,,,0.07405483780215975
12458150929_10153350035545930,,,,,,,,,,,,,1.0,,,0.06271505550866714
12458150929_10153504544720930,,,,,,,,,,,,,,,1.0,0.06163301521348655
12458150929_10153937843330930,,,,,,,,,,,,,1.0,,,0.03471185266939341
12458150929_10154024606500930,,,,,,0.0,,,,,,,,,,0.07364366248999113
12458150929_10154651628745930,,,,,,0.0,,,,,,,,,,0.07405483780215975
12458150929_10154901192995930,,,,0.0,,,,,,,,,,,,0.03715726373650155
12458150929_10155220307800930,,,,,,,,,,,,0.0,,,,0.06271505550866714
127344360615074_1001558993193602,,,,,,0.0,,,,,,,,,,0.07251834058300331
127344360615074_1046112532071581,,,,1.0,,,,,,,,,,,,0.11253219069878162
127344360615074_1084538808228953,,,,,,,,1.0,,0.0,,,,,,0.07251834058300331
127344360615074_1119018001447700,,,,,,,,,,,1.0,,,,,0.03715726373650155
127344360615074_1257416414274524,,,,,,0.0,,,,,1.0,,,,,0.03715726373650155
127344360615074_1322513201098178,,,,1.0,,,,,,,1.0,,,,,0.06163301521348655
127344360615074_1353633914652773,,,,,,,,,,,,,,0.0,,0.03471185266939341
127344360615074_1544390842243745,,,,,,,,,,,0.0,,,,,0.08697439892661603
127344360615074_1627380613944767,,,,,,,,,0.0,,,,,,1.0,0.07792854205890627
127344360615074_1731903476825813,,,1.0,,,,,,,,,,,,,0.07364366248999113
127344360615074_243531935772567,,,,,,,,,,,1.0,,,,,0.06163301521348655
127344360615074_414223248593849,,,,,,,1.0,,,,,,,,,0.11253219069878162
127344360615074_471480199584222,,,,,,,,,,,1.0,,,,,0.0478478218528858
127344360615074_493520277330812,,,,,,,,,,,,,0.0,,,0.07364366248999113
127344360615074_982383075111194,,,,0.0,,,,,,,,,,,,0.07251834058300331
127941830595839_784559911600691,,,,,0.0,,,,,,,,,,,0.0799844186197494
127941830595839_928734080516606,,,,,0.0,,,,,,,,,,,0.06163301521348655
129620237119750_1148237971924633,,,,,,,,,1.0,,,,,,,0.11253219069878162
130168790517043_408104946056758,,,,,,,,,0.0,,,,,,,0.07251834058300331
130168790517043_424597344407518,,,,,,,,1.0,,,,,,,,0.08697439892661603
130168790517043_428400177360568,,,,,,,,,,,,,,1.0,,0.06163301521348655
130168790517043_467290893471496,,,,,,,,,,,,,,,1.0,0.11253219069878162
130168790517043_467442540122998,,,,,,,,,,,0.0,,,,,0.07364366248999113
130168790517043_562582267275691,,,,,,,,,,,,,,,1.0,0.03748187582505572
130168790517043_679519252248658,,,,,,,,,,,,,,1.0,,0.03748187582505572
131559313586863_144398165699955,,,,,,,,,,,,,,1.0,,0.03715726373650155
131559313586863_772987469444041,0.0,,,,,,,,,,,,1.0,,,0.03715726373650155
132432790168413_1168308543247494,,0.0,,,,,,,,,,,1.0,,,0.07792854205890627
133373330053923_171851836206072,,1.0,,,,,,,,,,,,,,0.0478478218528858
133373330053923_954049614652953,,,,,,,,,,,0.0,,,,,0.07364366248999113
133373330053923_954312091293372,,0.0,,,,,,,,,,1.0,,,,0.07251834058300331
134437989956158_601611519905467,,,0.0,,,,,,,,,,,,,0.03715726373650155
134437989956158_904792749587341,,,,,,,,,,,,,,,1.0,0.06271505550866714
135980726440944_176339952418159,,,,0.0,,,,0.0,,,,,,,,0.11374407582938388
135980726440944_839959782709698,,,,,0.0,,,,,,,,,,,0.0478478218528858
135980726440944_868462923192717,,,,,,,0.0,1.0,,,,,,,,0.07251834058300331
135980726440944_899020863470256,,,,,,,,1.0,,,,,,,,0.07405483780215975
136570003170472_149885208505618,,,,,,1.0,,,,,,,,,,0.07364366248999113
136570003170472_240211716152156,,,,,,,,,,,,,1.0,,,0.11374407582938388
136570003170472_271610129666458,,,,,,,,,,,,,0.0,,,0.08697439892661603
136570003170472_289872021173602,,1.0,,,,,,,,,,,,,,0.06163301521348655
136570003170472_298229820337822,,,,,,,,,,,0.0,,,,,0.0478478218528858
137685999659722_1178266008935044,,,,0.0,,,,,,,,,,,,0.07405483780215975
137685999659722_175118639237922,,,,1.0,,,,,,,,,,,,0.07792854205890627
137685999659722_283714911643362,,,,,,,,,,0.0,,,,,,0.11374407582938388
137685999659722_458124064282579,,,,,,,,,0.0,,,,,,,0.11374407582938388
137685999659722_548761958552122,,,,,1.0,,,,,,,,,,,0.07251834058300331
137685999659722_629323743829276,,,,,1.0,,,,,,,,,,,0.0799844186197494
137685999659722_820085018086480,,0.0,,,,,,,,,,,,,,0.07792854205890627
137685999659722_882514865176828,,,,,1.0,,,,,,,,,,,0.027072648185418425
137714939618757_977479162308993,,,,,,,1.0,,,,1.0,,,,,0.03471185266939341
1378861979080037_1423225237977044,,,,,,,,,,0.0,1.0,,,,,0.08697439892661603
1378861979080037_1429488200684081,,,,,,1.0,,,,,,,,,0.0,0.07251834058300331
1378861979080037_1446512112315023,,,,,0.0,,,,,,,,,,,0.03471185266939341
1384921248388622_1661409604073117,,,,,,,,,,,,,1.0,,,0.0478478218528858
1384921248388622_1673895642824513,,,,,0.0,,,,,,,,,,,0.06163301521348655
1384921248388622_1677454155801995,,,,,,,0.0,,,,,,,,,0.03471185266939341
1384921248388622_1772371156310294,,,,,1.0,,,,,,,,,,,0.03748187582505572
1384921248388622_1886453858235356,,,,,,1.0,,,,,,,,,,0.07792854205890627
139443622778678_1430785693644458,,,,,,,,1.0,,,,,,,,0.07251834058300331
139443622778678_336770109712694,,,0.0,1.0,,,,,,,,,,,,0.08697439892661603
1396459723941912_1471848913069659,,,1.0,,,,,,,,,,,,,0.03748187582505572
1396459723941912_1602531696668046,,,1.0,,,,,,0.0,,,,,,,0.07251834058300331
1396459723941912_1669494589971756,,0.0,,,,,,,,,,,,,,0.11253219069878162
1396459723941912_1676154125972469,,,,,,,1.0,,,,,,,,,0.0478478218528858
1396459723941912_1693827490871799,,,,,,,,,,,,,,,1.0,0.11374407582938388
1396459723941912_1887232904864589,,0.0,,,,,,,,,,,,,,0.027072648185418425
1396459723941912_1906829389571607,,,,,,,,,,,,,,,1.0,0.11253219069878162
140206836076563_434848023227539,0.0,,,,,,,,,,,,,,1.0,0.06163301521348655
140206836076563_811686948928545,1.0,,,,,,,,,,,,,,,0.0478478218528858
1402158879999552_1671189446429826,,,,,,,,,0.0,,,,,,,0.06271505550866714
1402158879999552_1912556738959761,,,,,,,,,1.0,,,,,,,0.07364366248999113
140746872636746_1056709661040458,,1.0,,,,,,,,,,,0.0,,,0.11374407582938388
140746872636746_1504297329615020,,,,,1.0,,,,,,,,,,,0.07792854205890627
1408142216156387_1518709615099646,1.0,,,,,,,,,,,,,,,0.11253219069878162
1413222358940007_1681260408802866,,,,,,,,,,,1.0,,,,,0.07792854205890627
141764302699955_261140117429039,,,,,0.0,,,,,,,1.0,,,,0.11253219069878162
1417938685172201_1457377017895034,,,,,,,1.0,,,,,,,,,0.07405483780215975
1417938685172201_1493920524240683,,,,,,,1.0,,,,,,,,,0.06271505550866714
1418511451758028_1576110719331433,,,,,,,,0.0,,,,,1.0,,,0.06271505550866714
1418511451758028_1596208510654987,,,,,,,0.0,,,,,,,1.0,,0.06271505550866714
142316415896803_1007625242699245,,,,,,0.0,,,,,,,,,,0.03715726373650155
142316415896803_1134029310058837,,0.0,,0.0,,0.0,,,,,,,,,,0.07364366248999113
142316415896803_290091571121483,,,,,,,,,,,,,1.0,,,0.07792854205890627
142316415896803_784035135058258,,,,,,,1.0,,,,,,,,,0.03748187582505572
1428110734099074_1522273528016127,,,,,0.0,,,,,,,0.0,,,,0.11253219069878162
143232155749217_1440993359306417,,,,,1.0,,,,,0.0,,,,,,0.11253219069878162
143586919135944_211105255717443,,,,,,1.0,,,,,,,,,,0.06271505550866714
143586919135944_220776021417033,,,,,,,,,,,,,,,0.0,0.07364366248999113
143586919135944_221292381365397,,,,,0.0,,,,,,,,,0.0,,0.0799844186197494
143586919135944_300131743481460,,,,0.0,,,,,,,,,1.0,,,0.11374407582938388
143586919135944_332759200218714,,,,,,,,1.0,,,,,,,,0.07364366248999113
143586919135944_417986565029310,,,,,,,,,,1.0,,,,,,0.07792854205890627
143882519070566_430637063728442,,,,,,,,,,,1.0,,,,,0.11374407582938388
143882519070566_472893726169442,1.0,,,,,,,,,,,,,,,0.03715726373650155
143882519070566_642860065839473,,,,,,,,1.0,,,,,,,,0.07792854205890627
1441041006133114_1465322030371678,,,,,,1.0,,,,,,,,,,0.03748187582505572
1442400742660069_1547602632139879,,,,,,,,1.0,,,,,,,,0.11374407582938388
1442400742660069_1736263889940418,,,,,0.0,,,,,,,,,,,0.07405483780215975
1442400742660069_1779200788980061,,,,,,,,,,1.0,,,,,,0.06271505550866714
1442400742660069_1847427122157427,,,,,,,,,,1.0,,,,,,0.07364366248999113
1442400742660069_1880010515565754,,,,,,,,,,,,0.0,,,,0.06271505550866714
1443332985924729_1476542442603783,,,,,,0.0,,1.0,,,,,,,,0.07251834058300331
1443332985924729_1488633941394633,,,,,,,,,1.0,,0.0,,,,,0.03748187582505572
1443332985924729_1574960776095282,,0.0,,,,,,,,,,,,,,0.06271505550866714
144447802432216_162301267313536,,,,,,1.0,,,,,,,,,,0.07364366248999113
144447802432216_166332223577107,,,0.0,,,,,,,,,,,,1.0,0.07792854205890627
144447802432216_214850062058656,,,,,,,,,1.0,0.0,,,,,,0.07251834058300331
144447802432216_337648526445475,,,,,,1.0,,,,,,,,,,0.11253219069878162
144447802432216_507234982820161,,,,,,1.0,,,,,0.0,,,,,0.11253219069878162
144447802432216_550534141823578,,,,,,1.0,,,,,,1.0,,,,0.11253219069878162
144447802432216_585533948323597,,,,,0.0,,,,,,,,,,,0.06163301521348655
144447802432216_624299467780378,,,,,,,,,0.0,,,,,,,0.06163301521348655
144447802432216_624731434403848,,,,0.0,,,,,,,,,,,,0.07405483780215975
1448006052123626_1619707461620150,,,,,,,,,,,,,,0.0,,0.07405483780215975
1448006052123626_1894590297465197,,,0.0,,,,,,,,,,,,,0.06271505550866714
1448006052123626_1910823829175177,,,,,,,,,,,1.0,,,,,0.03471185266939341
1452632708336329_1883937438539185,0.0,,,,,,,,,,,,,,,0.06163301521348655
1458354184437993_1672254716381271,,,,,,,,,,,,,,,0.0,0.03748187582505572
145989963343_10153698874288344,,,,,,,,,,,,,0.0,,,0.06163301521348655
145989963343_10153736879718344,0.0,0.0,,,,,,,,,,,,,,0.11253219069878162
1461584187395053_1743999429153526,,,,,0.0,,,,,,,,,,,0.0799844186197494
1477314799202093_1593465350920370,,,,,,,,,,,,,0.0,,,0.07251834058300331
147898505398168_390225814498768,,,,,,,1.0,,,,,,,,,0.06271505550866714
147898505398168_407520792769270,,,,,,,1.0,,,,,,,,,0.07405483780215975
1480537118852978_1848284398744913,,,,,,,0.0,,,,,,,,,0.0799844186197494
1480686755549319_1501041780180483,,,,,,0.0,,,,,,,,,,0.07251834058300331
1480686755549319_1576935629257764,0.0,,,,,,,,,,,,,,,0.07405483780215975
1480686755549319_1595821887369138,,,,,,,,1.0,,,,,,,,0.0799844186197494
1480686755549319_1597612283856765,,,,,,,0.0,1.0,,,,,,,,0.06163301521348655
1480686755549319_1851641201787204,,,,,,,,,,,,,0.0,,,0.027072648185418425
148900938515423_1024599090945599,,1.0,,,,,,,0.0,,,,,,,0.06163301521348655
148900938515423_1039868706085304,0.0,,,,,,,,,,,,,,,0.11374407582938388
148900938515423_1059993894072785,,,,,,,1.0,,,,,,,,,0.0799844186197494
148900938515423_1354911361247702,,,,,,,1.0,,,,,,,,,0.027072648185418425
148900938515423_1432388003500037,,,,,,,,,0.0,,,,1.0,,,0.06163301521348655
148900938515423_1454992081239629,,,,,,,,,,,,,,,0.0,0.08697439892661603
148900938515423_830070943731749,,,,,,,1.0,,0.0,,,,,,,0.06271505550866714
148900938515423_853308848074625,,,,,0.0,,,,,,,,,,,0.027072648185418425
148900938515423_952872224784953,,0.0,,,,,,0.0,,,,,,,,0.03748187582505572
1489320827982521_1605839729663963,,,,,,,,,,,,,,,0.0,0.027072648185418425
1489320827982521_1766438530270748,,,,,,,,,1.0,,,,,,,0.07251834058300331
1489320827982521_1905349009713032,,,,,,,,,,,,,,,0.0,0.03748187582505572
1489836057958537_1597295127212629,,,,,,,,,,,,1.0,,,,0.03471185266939341
1489836057958537_1761229034152570,,,,,,,,,,,,0.0,,,,0.027072648185418425
1489836057958537_1770647989877341,,,,0.0,,,,,1.0,,,,,,,0.07792854205890627
1493650460890885_1651298675126062,,,,,,,1.0,,,,,,,,,0.0799844186197494
1493650460890885_1687730884816174,,,,,,,,,,,0.0,,,,,0.03715726373650155
1493650460890885_1810962235826371,,,,,,,,,,,,1.0,,,,0.06271505550866714
1493650460890885_1811637152425546,,,,,1.0,,,,,,,,,,,0.07792854205890627
1493650460890885_1923978557858071,,,,,,,,,,,,0.0,,,,0.0799844186197494
1498813583685622_1642308149336164,,,,,1.0,,,,,,,,,,,0.03748187582505572
1498813583685622_1804626916437619,,,,,,,,,,,1.0,,,0.0,,0.11374407582938388
1498813583685622_1823529864547324,,,,,,,,0.0,,,,,,,,0.11253219069878162
1498813583685622_1911288732438103,,,,,,,1.0,,,,,,,,,0.0799844186197494
1501040356832789_1673580196245470,,,,,,,,,,,,,0.0,,,0.08697439892661603
1503010273244399_1908641126014643,,,,,,,,,,,,,,1.0,,0.03748187582505572
150605885088629_383765741772641,,,,,,,,,,,,,,,1.0,0.07405483780215975
150605885088629_395110453971503,,,,,0.0,,,,,,,,,,,0.07364366248999113
150605885088629_479096842239530,,,,0.0,,,,,,,,,,,,0.06163301521348655
150605885088629_500697123412835,,,,,,,,,,1.0,,,,,,0.03748187582505572
150605885088629_558063761009504,,,0.0,,,,,,,,,,,,,0.027072648185418425
1508789912690856_1635945846641928,,,,,,,,,,,0.0,,,,,0.07405483780215975
151301164912704_351278801581605,,,,,,,,,,,,,,,0.0,0.07792854205890627
153873730679_10152000750710680,,,1.0,,,,,,,1.0,,,,,,0.03715726373650155
1546433252297862_1849607568647094,,,,,,,,,,,1.0,,,,,0.11374407582938388
154728491281940_1183706421717470,,,,,,,,,,,,,,,1.0,0.11374407582938388
1559060601030590_1633222896947693,,1.0,,,,,,,,,,,0.0,,,0.03715726373650155
1559060601030590_1665970090339640,,,,,,,,,1.0,,,,,0.0,,0.08697439892661603
1559060601030590_1758014474468534,0.0,,,,,,,,,,,,,,,0.11253219069878162
1559060601030590_1803965376540110,,,,,,,,,,,,,0.0,,,0.07364366248999113
1559060601030590_1836077796662201,,0.0,,,,,,,,,,,,,,0.11253219069878162
1563903933887503_1569048900039673,,,,,,,,,,,,1.0,,,,0.03715726373650155
1563903933887503_1716714651939763,,,,,,,,,1.0,,,,,,,0.11374407582938388
1578600942439802_1624022577897638,,,,0.0,,,,,,,,,,,,0.03748187582505572
1578600942439802_1636512656648630,,,,,,,,0.0,,,,,,,,0.07405483780215975
1578600942439802_1641504996149396,,1.0,,,,,,,,,,,,,,0.06271505550866714
1578600942439802_1678464532453442,,,0.0,,,,,,,,,,,,,0.027072648185418425
1593837374204311_1601662900088425,,,,,,,0.0,,0.0,,,,,,,0.07792854205890627
1593837374204311_1631762220411826,,,,,,,,,,,,,,,0.0,0.07364366248999113
1593837374204311_1633961293525252,,,,,,,,,,,0.0,,,,,0.07792854205890627
1593837374204311_1639326822988699,,1.0,,,,,,,,,,,,,,0.06163301521348655
1593837374204311_1642935782627803,,,,,,,0.0,,,,,,,,,0.03748187582505572
1593837374204311_1741243862796994,,0.0,,,,,,,,,,,,,,0.07364366248999113
1593837374204311_1803477163240330,,,,,,,,0.0,,,,,,,,0.0799844186197494
159836427425287_623694071039518,,,,,1.0,,,,,,,,,,,0.03715726373650155
159836427425287_868138099928446,,,,,,,,1.0,,,,,,,,0.06271505550866714
1598423250393840_1714515738784590,1.0,,,,,,,,,,,,,,,0.03748187582505572
1608885519353898_1921247364784377,0.0,,,0.0,,,,,,,,,,,,0.03715726373650155
162843287205735_339786612844734,,0.0,,,,,,,1.0,,,,,,,0.0478478218528858
162843287205735_466582363498491,,,,,,,,,,,,1.0,,,,0.0478478218528858
162843287205735_544812545675472,,,,,,,0.0,,,,,,,,,0.06271505550866714
162843287205735_556876317802428,,,,,,,,,,,,,,,0.0,0.0799844186197494
162843287205735_590938037729589,,,,,,,,,0.0,0.0,,,,,,0.07792854205890627
1632661713611931_1648696428675126,,,,,,,,,,,,1.0,,,,0.06163301521348655
1632661713611931_1653845974826838,,,,,0.0,,,,,,,,,,,0.0478478218528858
1632661713611931_1658318134379622,,,,,,,,,0.0,,,,,,,0.03471185266939341
1632661713611931_1724734767737958,,,,,,,1.0,,0.0,,,,,,,0.08697439892661603
1632661713611931_1741641022713999,,,,,,,,1.0,,,,0.0,,,,0.07405483780215975
1632661713611931_1770292656515502,,0.0,,,,,,,,,,,,,,0.07364366248999113
1632661713611931_1800491020162332,,,,,,0.0,,,,,,,1.0,,,0.08697439892661603
1632661713611931_1809348495943251,,,1.0,,,,,,,,,,,,,0.07405483780215975
1634197106810421_1690453084518156,,,,,,0.0,,,,,,,,,,0.03471185266939341
1634197106810421_1706405846256213,,,,,,0.0,,,,,,,,,,0.11253219069878162
1634197106810421_1726189880944476,,,,1.0,,,,,,,,,,,,0.0478478218528858
1634197106810421_1727545910808873,,,,,,,,,1.0,,,,,,,0.06271505550866714
1634197106810421_1736178846612246,,,,,,,,,,,1.0,,,,,0.03471185266939341
1634197106810421_1903648479865281,,1.0,,,,,,,,,,,,,,0.11253219069878162
1634197106810421_1979999088896886,,,0.0,,,,,,1.0,,,,,,,0.0799844186197494
164752600281593_1259576117465897,,,,,,,,,,1.0,,,,,,0.06271505550866714
164752600281593_178276645595033,,,0.0,,,,,,,,,,,,,0.06271505550866714
164752600281593_871670302923149,,,,,,,,,,0.0,,,,,,0.027072648185418425
164752600281593_883070341783145,,,,,,,,,1.0,,,,,,,0.0478478218528858
168657049964070_387684608061312,,,1.0,,,,,,,,,,,,,0.07251834058300331
1702345189990994_1807536999471812,,,,,,,,,1.0,,0.0,,,,,0.11374407582938388
1702345189990994_1909740409251470,,,,,,,1.0,,,,,,,,,0.07405483780215975
1702345189990994_1946253002266877,,,,,,,1.0,,,,,,,,,0.08697439892661603
1702345189990994_1985418615016982,,1.0,,,,,,,,,,,,,,0.11374407582938388
1702345189990994_2283988761826631,,,,,,,0.0,,,,,,,,,0.07251834058300331
1711091055784143_1740530322840216,,,,,,0.0,,,,,,,,,,0.07364366248999113
1711091055784143_1742863765940205,,1.0,,,,,,,,,,,,,,0.03748187582505572
172553919586800_243115479197310,,,0.0,0.0,,,,,,,,,,,,0.027072648185418425
174964059251630_737750742972956,,,,,,1.0,,,,,,,,,,0.06163301521348655
175437749163141_651372898236288,,,,,,,,,,,,,,0.0,,0.06271505550866714
176580099127279_252249301539301,,,,,1.0,,,,,,,,,,,0.07792854205890627
178127392234168_1000914006622165,0.0,,,,,,,,,,,,,,,0.06163301521348655
178127392234168_194660980608093,0.0,,,,,,,,,0.0,,,,,,0.06163301521348655
178127392234168_773534122693489,,,,1.0,,,,,,,,0.0,,,,0.0799844186197494
178127392234168_894042560642644,,,,,0.0,,,,,,,,,,,0.027072648185418425
178668495520367_846856358701574,,,,,,,,,,,0.0,1.0,,,,0.11374407582938388
180658048629404_1034170203278180,,,,,,,,,,,,0.0,,,,0.03748187582505572
180658048629404_122849388293318,,,1.0,,,,,,,,,,,,,0.027072648185418425
180658048629404_1524447194250476,,,0.0,,,,,,,,,,,,,0.03748187582505572
180658048629404_619881568040381,,,,,,,,,0.0,,,,,,,0.06271505550866714
180658048629404_719420981419772,0.0,,,,,,,,,,,,,,,0.0799844186197494
181106225260438_1014271305277255,,,,0.0,,,,,,,,,,,,0.08697439892661603
181106225260438_10152275534576550,,,0.0,,,,,,,,,,,,,0.07364366248999113
181106225260438_10152285156696550,,,,,,,,,,,,,,0.0,,0.06271505550866714
181106225260438_1127623937275324,,,,,,1.0,,,,,,,,,,0.07405483780215975
181106225260438_1225391830831867,,,,,,,,,,0.0,,,,,,0.07405483780215975
181106225260438_927207810650272,,,,,,0.0,,,,,,,,,,0.03715726373650155
181106225260438_997461543624898,,,0.0,,,0.0,,,,,,,,,,0.03748187582505572
185007844849973_1448009288549816,,,1.0,,,,,,,,,,,,,0.027072648185418425
185007844849973_1768932803124128,,,,0.0,,,,,,,,0.0,,,,0.07251834058300331
185007844849973_698386216845464,,,,,,,,,,,,1.0,,0.0,,0.0478478218528858
186600161419_10153684868876420,,,,,,,,,,,1.0,,,,,0.08697439892661603
190264547756813_875219869261274,,,,,,,,,0.0,,,,,,,0.027072648185418425
191351967739859_249245998617122,,,,0.0,,,,,,,,,,,,0.0478478218528858
191351967739859_383927938482260,,,,,,,,,,,,1.0,,,,0.11374407582938388
195621950482248_292677360782283,,,,,,,,,,,,,,,1.0,0.08697439892661603
195621950482248_406864866072208,,,,,,,,,,,,,0.0,,,0.07792854205890627
195621950482248_466800520031055,,,1.0,,,,,,,,,,,,,0.11253219069878162
196270790402710_1055902477772866,,,,,,,0.0,,1.0,,,,,,,0.07251834058300331
196270790402710_947673645262417,,1.0,,,,,,,,,,,,,0.0,0.03471185266939341
207401585966233_329087683851903,,,,,,,,,,0.0,,,,,,0.0799844186197494
207401585966233_945267532179631,,,,,,,,,,0.0,,,0.0,,,0.06271505550866714
214121868731750_435465176597417,,,,1.0,,,,,,,,,,,,0.07405483780215975
214121868731750_484772338333367,,,,,,,,0.0,,,,,,,,0.08697439892661603
214121868731750_540868786057055,,0.0,,,,,,,,,,,,,,0.11253219069878162
214121868731750_616688941808372,,1.0,,,,,,,,,,,,,,0.03471185266939341
21465928829_10154111918933830,,,,,,,,,,,,,0.0,,,0.07792854205890627
21465928829_10155186464188830,,,,,,,,,,0.0,,,,,,0.0799844186197494
214944565333843_231483903679909,,,,0.0,,,,,,,,,,,,0.11253219069878162
221368818036876_332727083567715,,,,,,,,,,0.0,,,,,,0.11374407582938388
222624027898836_353702284791009,0.0,,,,,,,,,,,1.0,,,,0.03471185266939341
222624027898836_450214858473084,,,,,,,,,,0.0,,,,,,0.07792854205890627
222624027898836_505439436283959,,,,,,,1.0,,,,,,,,,0.06163301521348655
223040066022_10154125459226023,,,,1.0,,,,,,,,,0.0,,,0.07405483780215975
223040066022_10154219874356023,,,1.0,,,,,,,,,,,,,0.07405483780215975
223040066022_10154316696076023,,1.0,,,,,,,0.0,,,,,,,0.03715726373650155
223040066022_10154399893666023,,,,,,,,,,,,,,,1.0,0.07251834058300331
223155564511824_223430817817632,0.0,,0.0,,,,,,,,,,,,,0.03471185266939341
223155564511824_234484826712231,,,0.0,,,,,,,,,,,,,0.03748187582505572
223155564511824_278334415660605,,0.0,,,,,,,,,,,,,,0.07405483780215975
223155564511824_325462510947795,,,,,,,,,,,,,,,1.0,0.11374407582938388
223155564511824_388891621271550,,,,,,,,,,,,,,1.0,,0.08697439892661603
223155564511824_421154368045275,,,,,,,,,1.0,,,,,,,0.027072648185418425
223155564511824_427020317458680,,,,,,1.0,,,,,,,,,,0.07364366248999113
223155564511824_432999556860756,0.0,,,,,,,,,0.0,,,,,,0.07405483780215975
223155564511824_441199892707389,,,,,,,,,,,,1.0,,,,0.03471185266939341
223155564511824_467221010105277,,,,,0.0,,,,,,,,,,,0.03748187582505572
223155564511824_481816371979074,,,,,,,,,,,,,0.0,,,0.11253219069878162
223155564511824_513742698786441,,,0.0,,,,,,,,,,,1.0,,0.07792854205890627
223155564511824_518899111604133,,0.0,,,,,,,,,,,,,,0.11374407582938388
223155564511824_757745727719469,,,,,,,,,,1.0,,,,,,0.0478478218528858
223155564511824_758788634281845,,,,,,,,,,,,,0.0,,,0.03748187582505572
229737453706271_1194301713916502,,,,1.0,,,,,,,,,,,,0.07792854205890627
229737453706271_1451608071519197,,,,0.0,,,,,,,,0.0,,,,0.03748187582505572
229737453706271_1480589098621094,,,,,,,,,0.0,,,,,,,0.027072648185418425
229737453706271_1687887974557871,,,,,,,,,,,,,0.0,1.0,,0.06163301521348655
229737453706271_468469839833030,,,,,,,,,,,0.0,,,,,0.07364366248999113
235501083187697_10151989469415885,,,,,,,,,,1.0,,,,,,0.08697439892661603
235501083187697_10152006477680885,1.0,,,,,,,,,,,,,,,0.03471185266939341
235501083187697_1049843335086797,,,,1.0,,,0.0,,,,,,,,,0.11374407582938388
235501083187697_1066029373468193,,,,,,,,,,,,,0.0,,,0.027072648185418425
235501083187697_1258650580872737,,,,,,,,,,0.0,,,,,,0.0478478218528858
235501083187697_134156650042317,,,,,,,,,,,0.0,,,,,0.0478478218528858
235501083187697_1431688046902322,,,,,,,,,,,,0.0,,,,0.07405483780215975
235501083187697_147334535405213,,,0.0,,,,0.0,,,0.0,,,,,,0.06271505550866714
235501083187697_1506485436089249,,1.0,,,,,,,,,,,,,,0.03471185266939341
235501083187697_208477272589368,1.0,,,,,0.0,,,,,,,,,,0.03471185266939341
235501083187697_275737192547287,,,,,0.0,,,,,,,,,,,0.07405483780215975
235501083187697_283931575061863,1.0,,,,,,,,,,,,,,,0.11253219069878162
235501083187697_290358164356448,1.0,,,,,,,,,,,,,,,0.06271505550866714
235501083187697_312192138845447,1.0,,,,,,,,,,0.0,,,,,0.03748187582505572
235501083187697_351864444827150,0.0,,,0.0,,,,,,,,,,,,0.03471185266939341
235501083187697_356392944431843,1.0,,,,,0.0,,,,,,,,,,0.0799844186197494
235501083187697_369812339764980,,,,,,,,,,1.0,,,,,,0.03748187582505572
235501083187697_370415036334326,,,,,,,,,,,,,0.0,0.0,,0.11374407582938388
235501083187697_383361765060767,,0.0,,1.0,,,,,,,,,,,,0.06163301521348655
235501083187697_390954070975730,,,,,,0.0,,,,,,,,,,0.08697439892661603
235501083187697_532435906827545,,,0.0,,,,,,,,,,,,,0.07364366248999113
235501083187697_568554209882381,,0.0,,,,,,,,,,,,,,0.03471185266939341
235501083187697_612006612203807,,,,0.0,,,,,,,,,,,,0.0478478218528858
237911156252621_978532798857116,,0.0,,,,,,,,,,,,,,0.08697439892661603
240637459319900_102270953263230,,,,,,,,,,1.0,,,,,,0.03715726373650155
240637459319900_1220496134667356,,,0.0,,,,,,,,,,,,,0.03748187582505572
240637459319900_298308450191861,,,,,,0.0,,,,,,,0.0,,,0.03715726373650155
240637459319900_565546883495621,,,1.0,,,,,,,,,,,,,0.07251834058300331
240637459319900_588553014528341,,,,,,,,,,0.0,,,,1.0,,0.07792854205890627
240637459319900_589728161077493,1.0,,,,,,,,,0.0,,,,,,0.03715726373650155
240637459319900_609594099090899,,0.0,,,,,,,,,,,,,,0.08697439892661603
240637459319900_702584396458535,,,0.0,,,,,0.0,,,,,,,,0.03715726373650155
240637459319900_830009223716051,,,,,,,,,,,,,0.0,,,0.07405483780215975
240637459319900_856575127726127,,,,,,,,,1.0,,,,,,,0.03471185266939341
243023159062079_1121362771228109,,,,,,,,0.0,,1.0,,,,,,0.07792854205890627
243023159062079_1164910536873332,,,0.0,,0.0,,,,,,,,,,,0.027072648185418425
243023159062079_888956807802041,,,1.0,,,,,,,,,,,,,0.0799844186197494
243023159062079_925932464104475,,,,,,,,,,,,1.0,,,,0.03715726373650155
24352982198_10150833306917199,,,,,,,,,,,,,,,0.0,0.11374407582938388
24352982198_10151181920737199,,,,,,,,,,,1.0,,,,,0.07364366248999113
24352982198_10152501044117199,,,,,,,,,,,,,,1.0,,0.08697439892661603
24352982198_10154555693492199,,,,,,,0.0,,,,,,,,,0.0478478218528858
24352982198_144649622245778,,,,,,,,,,,,,,,1.0,0.11374407582938388
247368612092837_463249167171446,,,,,,0.0,,,,,,,,,,0.0799844186197494
247368612092837_481226575373705,,,,,,,0.0,1.0,,,,,,,,0.11374407582938388
247368612092837_522851487877880,,,,,,,,,,,,1.0,,,,0.07364366248999113
247368612092837_699778133518547,,,,,,,,,,,,0.0,,,,0.03471185266939341
252347094954938_350888255100821,,,,,,,,1.0,,,,,,,,0.03715726373650155
252347094954938_657389651117345,1.0,,,,,,,,,,,,,,,0.07405483780215975
252520351444054_1073191976043550,,,,,,,,,,0.0,0.0,,,,,0.11253219069878162
252520351444054_1150260818336665,,,0.0,,,,,,,,,,,,,0.11374407582938388
252520351444054_1290045717691507,,,,,,,,,0.0,,,,,,,0.0478478218528858
252520351444054_1508003675895709,,,,,,,,,0.0,0.0,,,,,,0.03715726373650155
256203941229187_274921359357445,,,0.0,,,,,1.0,,,,,,,,0.027072648185418425
256203941229187_311435782372669,,,,,,,,,,,,,,0.0,,0.07405483780215975
256203941229187_404944326355147,,0.0,,,,,,,,,,,0.0,,,0.03715726373650155
256203941229187_421223068060606,,,,0.0,,,,,,,,,,,,0.07251834058300331
256203941229187_500525376797041,,,,,,,,,,,,,,,1.0,0.08697439892661603
256203941229187_574009989448579,,,,,,,,,,,,,,1.0,,0.07405483780215975
256203941229187_628132934036284,,,,,,,,,,,,,,1.0,,0.03471185266939341
256203941229187_718222905027286,,,,,,,,,,,,,,1.0,,0.03748187582505572
261240774042881_695856437247977,,,,,,,,,,0.0,,,,,,0.0478478218528858
261448183993841_595688927236430,,,,,,,1.0,,,,,,,,,0.03471185266939341
261448183993841_790244551114199,,,,,,,,,,,,,,0.0,,0.06163301521348655
26531882197_10154499806262198,,,,0.0,,1.0,,,,,,,,,,0.11253219069878162
267297590272820_305788703090375,,,,,,,1.0,,,,,,,,,0.07364366248999113
268501683351692_291800407688486,1.0,,,,,,,,,,,,,,,0.07364366248999113
268501683351692_370076036527589,,,,,,0.0,,,,,,,,,1.0,0.0478478218528858
270314416422657_1131668196953937,,,,,,,0.0,,,,,,,1.0,,0.11253219069878162
270314416422657_1325820240872064,,,,,,1.0,,,,,,,,,,0.07405483780215975
270314416422657_511723768948386,,,,,,,0.0,,,,,,,,,0.07251834058300331
270431402967189_1100359263307728,,,,,,,,,,,,,,,1.0,0.08697439892661603
270431402967189_1102039286473059,,,,,,,,,,,,0.0,0.0,,,0.11374407582938388
270431402967189_1120995574577430,,0.0,,,,,,,,,,,,,,0.0478478218528858
270431402967189_1123048727705448,,,,,,,,1.0,,,,,,,1.0,0.03715726373650155
270431402967189_1144484472228540,,,,,,,,,,,,0.0,,,,0.03715726373650155
270431402967189_1174215175922136,0.0,,,,,,,,,,,,,,,0.027072648185418425
270431402967189_1186603491349971,,,,,,,,0.0,,,,,,,,0.03471185266939341
270431402967189_1414060321937619,,,,,,,,,,,,,,1.0,,0.06271505550866714
270431402967189_1510019695675014,,,,,,,,,,,,,,1.0,,0.03471185266939341
270431402967189_243161192395682,,,,0.0,,,,,,,,,,,,0.03748187582505572
270431402967189_787166344627023,,,,,,,,,,,,,0.0,,,0.06163301521348655
270431402967189_849754388368218,,,,,0.0,,,,1.0,,,,,,,0.07792854205890627
276817062372351_837202666333785,,,,,,,,0.0,,,,0.0,,,,0.11253219069878162
276817062372351_906602476060470,,,,,,,,,,,,0.0,,,,0.03471185266939341
278081365712352_529391190581367,,,,,,,,,,,,,1.0,,,0.03748187582505572
281421992030474_379686698870669,,,,,,,,1.0,,,,,,,,0.06163301521348655
283546401758265_455045751274995,,,,,,,,,,,,,,,0.0,0.06271505550866714
285033188190537_1068206849873163,,,,,,,,,,,,,,0.0,,0.06271505550866714
285033188190537_1090054001021781,,0.0,,,,,,,,,,,,,,0.07405483780215975
285033188190537_1095712467122601,,,,,,,,,,0.0,,,,,,0.07405483780215975
285033188190537_1204333946260452,,,,,,,0.0,,,,,,,,,0.03471185266939341
285033188190537_1258519884175191,,,,,,,,0.0,,,,,,,,0.03471185266939341
285033188190537_1555209657839544,,,,,,,,,,,,,,,1.0,0.08697439892661603
285033188190537_1650225498337959,,,,,,,,,,,,,,,1.0,0.06163301521348655
285033188190537_901456363214880,,,,,,,,0.0,,,,,,,,0.0799844186197494
285033188190537_980862931940889,,,,,,,,,0.0,,,,,,,0.03715726373650155
287814831337164_394276370691009,,,,,,,,,,,1.0,,,,,0.11374407582938388
287814831337164_492879334164045,,1.0,,,,,,,,,,,,,,0.03471185266939341
287814831337164_737697839682192,1.0,,,,,,,,,,,,0.0,,,0.0799844186197494
287814831337164_744792728972703,,,,,,,,,,,,,,1.0,,0.0799844186197494
287814831337164_759091340876175,,,0.0,,,,,,,,,,,,,0.0478478218528858
287814831337164_836767569775218,,,1.0,,,,,,,,,,,,,0.06271505550866714
287814831337164_861107487341226,1.0,0.0,,,,,,,,,,,,,,0.03748187582505572
294279024091511_340877749431638,,,,0.0,,,,,,,,,,,,0.027072648185418425
294279024091511_574185809434163,,,,,,,0.0,,,,,,,,,0.03471185266939341
294279024091511_647639205422156,,,,,,0.0,,,,,,,,,,0.07405483780215975
29772986591_10151004555271592,,,,,,,,,,,,,0.0,,,0.03715726373650155
301279783370957_368762173289384,,,,,,,,,,,1.0,,,,,0.07405483780215975
301279783370957_393980870767514,,,,,,,,,0.0,,,,,,,0.11374407582938388
301279783370957_419357138229887,,,,,,,,,1.0,,,,,,,0.07405483780215975
301279783370957_588524374646495,,,,,,1.0,,,,0.0,,,,,,0.03471185266939341
30196574028_10150587582024029,,,,,,,,,,,,,,1.0,,0.0478478218528858
30196574028_10153185765544029,,,,,,,,1.0,,,,,0.0,,,0.07792854205890627
30196574028_10153797333534029,,,,,,,0.0,,,,,,,,,0.07792854205890627
30196574028_10155162313894029,,0.0,,,,,,,,,,,,,,0.06163301521348655
302147629893895_1244234162351899,,,,,,,,,,,,0.0,,,,0.07364366248999113
302147629893895_387303521355987,,,,,,,0.0,,,,,,0.0,,,0.07792854205890627
302147629893895_501991766576146,,,,,,,0.0,,,,,,,,,0.06271505550866714
302147629893895_917547335020585,,,,,0.0,,,,,,,,,,,0.07405483780215975
303940066441033_366403100194729,,,,,,,,,,,0.0,,,,,0.0478478218528858
303940066441033_407163722785333,,,,,,,,,,,,,,1.0,,0.06271505550866714
305365232840389_459250017451909,,1.0,,,,,0.0,,,,,,,,,0.0799844186197494
305365232840389_508496242527286,,,1.0,,,,,,,,,0.0,,,,0.027072648185418425
305365232840389_630267993683443,,,,,,,,,,,,,,,1.0,0.06271505550866714
305365232840389_931202743589965,,,,,,,,1.0,,,,,,,,0.027072648185418425
308656075921772_1153205871466784,,,1.0,,,,,,,,,,,,,0.03471185266939341
308656075921772_647387578715285,,,,,,,,,,,,,0.0,,,0.0799844186197494
308656075921772_666418313478878,,,,,,,,,0.0,,,,,,,0.07364366248999113
309352049198824_930791943721495,,,,,1.0,,,,,,,,,,,0.06271505550866714
309352049198824_931639800303376,,,,,,,,,,,,1.0,,,,0.11253219069878162
309867232515766_326810400821449,,,,,,1.0,,,,0.0,,,,,,0.0799844186197494
309867232515766_356826434486512,,,,,,0.0,,,,,,,,,,0.0478478218528858
309867232515766_383338991835256,,,,,,1.0,,,,,,,,,,0.07364366248999113
309867232515766_429939650508523,,,,,,,,,,0.0,,,,,,0.0799844186197494
309867232515766_471763679659453,,,,,,,,,0.0,,,,,0.0,,0.07251834058300331
309867232515766_557238334445320,,,,,,,,0.0,,,,,,,,0.03471185266939341
309867232515766_635029536666199,1.0,,,,,,,,0.0,,,,,,,0.07792854205890627
309867232515766_657350284434124,,,,,,1.0,,,,,,,,,,0.03748187582505572
309867232515766_671052139730605,,,,,,,0.0,,,,,,,,,0.03715726373650155
309867232515766_680596982109454,,,,,0.0,,,,,,,,,,,0.06271505550866714
309867232515766_684580401711112,,,1.0,,,0.0,,,,,,,,,,0.06271505550866714
309867232515766_830499397119211,1.0,,,,,,,,,,,,,,,0.11374407582938388
317765785027478_636811616456225,,1.0,,,,,,,,,,,,,,0.03715726373650155
317765785027478_724895700981149,,,,,1.0,,,,,,,,,,,0.0478478218528858
317765785027478_918337898303594,,1.0,,,,,,,,,,,,,,0.03471185266939341
323452711195305_370930673114175,,0.0,,,,,,,,,,,,,,0.07364366248999113
323452711195305_417838208423421,,1.0,,,0.0,,,,,,,,,,,0.06271505550866714
323452711195305_419290274944881,,,,,,,,,,,,,,0.0,,0.03715726373650155
323452711195305_522380301302544,,,,,,,,1.0,,,,,,,,0.08697439892661603
323452711195305_590348571172383,,,,,,,,1.0,,,,,,,,0.03471185266939341
323452711195305_633146496892590,,1.0,,,,,,,,,,,,,,0.08697439892661603
325793724279369_446469702211770,1.0,,,,,,,,,,,,,,,0.027072648185418425
325793724279369_499207146938025,,,,,,,,,,,1.0,,,,,0.027072648185418425
325793724279369_608791065979632,,,,,,,,,,,,,,0.0,,0.07364366248999113
328966680624614_329286977259251,,,,,,,,,,1.0,,,,,,0.11253219069878162
328966680624614_365126090342006,,,,,,,,,,,1.0,,,,,0.027072648185418425
328966680624614_378582178996397,,1.0,,,,,,,,,,,0.0,,,0.07792854205890627
328966680624614_383684318486183,,,,,,0.0,,,,,,,,,,0.11374407582938388
328966680624614_601612263360053,,,,,1.0,,,,,,,,,,,0.07792854205890627
331049873725952_555406424623628,,,0.0,,,,,,,,,,,,,0.027072648185418425
331049873725952_578764302287840,,,,,,,,,1.0,,,,,,,0.03748187582505572
331406263723146_382480091949096,,,,,,1.0,,,,,,,,,,0.08697439892661603
331406263723146_432777233586048,1.0,,,,,,,,,,,,,,,0.06271505550866714
331406263723146_436082019922236,,,,,1.0,,,,,,,,,,,0.07251834058300331
331406263723146_596746680522435,0.0,,,,,,0.0,,,,,,,,,0.03748187582505572
33510214383_10151721102674384,,,,,,,,0.0,,,1.0,,,,,0.06163301521348655
33510214383_10152516258079384,,,,,,,,,,0.0,,,,0.0,,0.11253219069878162
33510214383_10152957755849384,1.0,,,,,0.0,,,,,,,,,,0.0478478218528858
33510214383_10153525988129384,,,,,,,,,,,,0.0,,,,0.03715726373650155
33510214383_10154190840559384,,,,,,,,,,,,,,,0.0,0.0478478218528858
33510214383_10154329303384384,,,,,,,,,,,,,0.0,0.0,,0.07405483780215975
335987446552987_348081672010231,,0.0,,,,,,,,,,,1.0,,,0.07792854205890627
335987446552987_375827929235605,,,,1.0,,,,,,,,,,,,0.11253219069878162
335987446552987_403257546492643,,,,,,,,,,,,,1.0,,,0.03715726373650155
335987446552987_424302187721512,,,,,,,,,,1.0,,,,,,0.08697439892661603
335987446552987_476640779154319,,,,,,,,,,,,1.0,,,,0.03748187582505572
335987446552987_490402311111499,0.0,,,,,,,,,,,,,,,0.03748187582505572
335987446552987_505123282972735,,0.0,,,,,,,,,,,,,,0.06271505550866714
335987446552987_568416216643441,,,,,,,,1.0,,,,,,,,0.03748187582505572
335987446552987_751345441683850,,0.0,,,,,,,,,,,,0.0,,0.07792854205890627
335987446552987_870876943064032,,0.0,,,,,,,,,1.0,,,,,0.027072648185418425
337594876360078_418639364922295,,,,,,,1.0,,,,,,0.0,,,0.08697439892661603
337594876360078_478778332241731,,,,,,,1.0,,,,,,,,,0.11374407582938388
343938391806_10153503856886807,1.0,,,,,0.0,,,,,,,,,,0.06271505550866714
343938391806_10153566397336807,0.0,,,,,,,1.0,,,,,,,,0.07251834058300331
343938391806_10155650674961807,,,,,,,,,,,0.0,,,,,0.06163301521348655
343938391806_196556887025682,,,,,,1.0,,,,,,,,,,0.11374407582938388
348713338478849_1053856781297831,,0.0,,,,,,,,,,,,,,0.0478478218528858
348713338478849_1057938057556370,,,,0.0,,,,,,,,,,,,0.06163301521348655
348713338478849_552409788109202,,,,,,,,0.0,,,,,,,,0.07364366248999113
348713338478849_859779984038846,,,,,,,,,,,0.0,,,,,0.07792854205890627
350242375125258_361894953960000,,0.0,,,,,,,,,,,,,1.0,0.03471185266939341
350242375125258_439824762833685,,,1.0,,,,,,,,,,,0.0,,0.08697439892661603
350242375125258_449023351913826,,,0.0,,,,,,,,,,0.0,,,0.0799844186197494
350242375125258_738646376284854,,,,,0.0,,,,,,,,,,1.0,0.11253219069878162
350858991459_10151345022696460,,,1.0,,,0.0,,,,,,,,,,0.07251834058300331
350858991459_10151893036216460,,,,,,,,,,0.0,,,,,0.0,0.07251834058300331
350858991459_10152677447011460,,,,,,,,,,,,1.0,,,,0.07792854205890627
350858991459_10153095945146460,,,1.0,,,,,,,,,,,,,0.06271505550866714
350858991459_10153495278826460,,,1.0,,,,,,,,,,,,,0.11253219069878162
350858991459_10154143559451460,,,,,,,,,,,,,,0.0,,0.06163301521348655
350858991459_10154443154396460,,0.0,,,,,,,,,,,,1.0,,0.0799844186197494
350858991459_10154623170951460,,,,1.0,,,,,,,,,,,,0.07364366248999113
350858991459_10154905005071460,,,,,,,,,,,,,,,0.0,0.027072648185418425
350858991459_259623717459137,,1.0,,,,,,,,,,,,,,0.027072648185418425
350858991459_463033840381086,,,,,,0.0,,0.0,,,,,,,,0.11253219069878162
354144841359670_1160765507364262,,,1.0,,,,,,,,,,,0.0,,0.0799844186197494
354144841359670_415039395270214,,,,,,,,,,,,,,,1.0,0.03748187582505572
354144841359670_433301040110716,,,,,,,,,,,,0.0,,,,0.11374407582938388
354445861382746_389021161258549,,,,,,,,1.0,,,,,0.0,,,0.06163301521348655
354445861382746_495344350626229,,,,,,,,,,,0.0,,,,,0.027072648185418425
358102574347013_436056759884927,,,,,,,,,,,,,1.0,,,0.07792854205890627
358102574347013_521337698023499,,,,,,,,,,,,,1.0,0.0,,0.03748187582505572
358102574347013_577733085717293,,,,,1.0,,,,,,,,,,,0.0478478218528858
358102574347013_634519686705299,,,,,,,,,,,,,0.0,,,0.11253219069878162
358102574347013_688526027971331,,,,,,,,0.0,,,,,,,,0.07792854205890627
358102574347013_724457597711507,,,,,,,,,,,,,1.0,,,0.03471185266939341
358102574347013_729533497203917,,,,,,,,,,0.0,,,,,,0.0478478218528858
358102574347013_744063975750869,,,,,,,,,,,,,1.0,,,0.08697439892661603
358102574347013_755477901276143,,,,,,,1.0,,,,,,,,,0.07792854205890627
358102574347013_762041317286468,,,,,1.0,,,,,,,,,,,0.027072648185418425
358229934265645_867668853321748,,,,,,,1.0,,,,,,,,1.0,0.07405483780215975
358229934265645_986552444766721,,,,0.0,,,,,,,,,,,,0.07792854205890627
36730930417_10153232541685418,,1.0,,,,,,,,,,,,,,0.07792854205890627
36730930417_10153938720085418,,,,,,,,,,,,0.0,,,,0.06163301521348655
370360873057400_1018138141613000,0.0,,,,,,,,,,,,,,,0.03715726373650155
370360873057400_1130076313752515,,,,,,,1.0,,,,,,,,,0.06271505550866714
370360873057400_1395130177247126,,,,1.0,,,,,,,,,,,,0.03748187582505572
376470852512492_460894350736808,,,,,,,,1.0,,,,,,,,0.03715726373650155
382423298493731_10152159995579034,,,,,,,,,,,,,,1.0,,0.07405483780215975
382423298493731_599284426807616,,,,,1.0,,0.0,,,,,,,,,0.07251834058300331
382423298493731_615449141857811,,,,,1.0,,,,,,,,,,,0.0799844186197494
382423298493731_824513844284672,,,,1.0,,,,,,,,,,,,0.11374407582938388
384119014960360_807201919318732,,,,0.0,,,,,,,,,,0.0,,0.07405483780215975
384119014960360_909530609085862,,,,,,,,,,,1.0,0.0,,,,0.0478478218528858
389665107805619_434127440026052,,,,1.0,,,,,,,,,,,,0.0799844186197494
389665107805619_439590989479697,,,,,,,,,,,,1.0,,,,0.03748187582505572
389665107805619_445330298905766,,,,1.0,,,,,,,,,,,,0.03715726373650155
389665107805619_967987346640056,1.0,,,0.0,,,,,,,,,,,,0.06163301521348655
390925417751473_446927032151311,,,,,,,,,,,,1.0,,,,0.06163301521348655
390925417751473_494447387399275,,,,,,,,,,1.0,,,,,,0.0799844186197494
390925417751473_624702367707109,,1.0,,,,,,,,,,,,,,0.0799844186197494
39233495912_10151536823385913,,,,,,,,,,0.0,,,,,,0.11374407582938388
39233495912_10152461658225913,,,,,,1.0,,,,,,,,,,0.08697439892661603
39233495912_10152756045990913,,,,,,,,,,,0.0,,,,,0.0478478218528858
39233495912_10152865825250913,,,,,,,,0.0,,,,,,,,0.07792854205890627
39233495912_10152882729640913,,,,,0.0,,,,,,,,,,,0.0478478218528858
39233495912_10153083932770913,,,0.0,,,,,,,,,,,,,0.07251834058300331
39233495912_10153215571465913,,,,,,1.0,,,,,,,,,,0.11253219069878162
39233495912_10153482619890913,,,,,0.0,,,,,,,,,0.0,,0.07364366248999113
39233495912_10153498787770913,,,1.0,,,,,,,,,,,,,0.0478478218528858
39233495912_10153538850975913,,,,1.0,,,,,,,,,,,,0.07251834058300331
39233495912_10153691561025913,,,,,,,,,,,1.0,,,,,0.11253219069878162
39233495912_10153934303075913,,,,,,,,,,,,,,,0.0,0.03715726373650155
39233495912_10154290008125913,,,,,,,0.0,,,,,,,,,0.0799844186197494
39233495912_10154295337680913,,,,,,,,0.0,,,,,,,,0.11253219069878162
39233495912_10154341413355913,,,,,,,,,,,,,0.0,,,0.0478478218528858
39233495912_10154401473525913,,,,1.0,,,,,,,,,,,,0.07364366248999113
393486437446456_396667470461686,,,,,,,,,,,,,,,1.0,0.07405483780215975
39576149556_10150107346069557,,,,,,,,,0.0,1.0,,,,,,0.11253219069878162
39576149556_10151845911514557,,,,,,,,,,0.0,,,,,,0.07364366248999113
39576149556_10152792826014557,,,,,,,,,,,1.0,,,,,0.06163301521348655
39576149556_358544204446,,,,,,,,,,,,,0.0,,,0.03471185266939341
397094903687472_719974404732852,,,,,,,,,,0.0,,,,0.0,,0.07792854205890627
397094903687472_737126393017653,,1.0,,,,,,,,,,,,0.0,,0.06271505550866714
397094903687472_786068608123431,,,,,,,,,,,,,,,1.0,0.06271505550866714
397094903687472_805068769556748,,,1.0,,,,,,,,,,,,,0.03715726373650155
397094903687472_911095955620695,0.0,,,,,,,,,,,,,,,0.0478478218528858
404683979561081_1658535044175962,,,,0.0,,,,,,,,,,,,0.08697439892661603
404683979561081_975974722432001,,,,,,,,,,,1.0,,,,0.0,0.06271505550866714
410324812468492_546076245560014,,,,,,,,,,,,1.0,,,,0.027072648185418425
410324812468492_647625798738391,,,,,0.0,,,,,,,,,,0.0,0.06163301521348655
411433282329295_427434490729174,,,,,,,,,,,,,,,0.0,0.03715726373650155
411433282329295_578823248923630,,,1.0,,,,,,,,,,,,,0.07792854205890627
411433282329295_619006448238643,,,,,,,,,,1.0,,,,,,0.07364366248999113
411433282329295_670352776437343,,,,,,,,,,1.0,,,,,,0.07405483780215975
411433282329295_735744643231489,,,,,1.0,,,,,,,,,,,0.11253219069878162
41459763029_10152725293148030,,,0.0,,,,,,,,,,,,1.0,0.03471185266939341
41459763029_10152837580148030,,,,,,1.0,,,,,,,,,,0.07405483780215975
41459763029_10152940311698030,,,,,,,,,,,,0.0,,,,0.0478478218528858
41459763029_10152958870923030,,1.0,,,,,,,,,,,,,,0.0799844186197494
41459763029_10153631898988030,,,,,,,,,,,,,,,1.0,0.0478478218528858
41459763029_10153668349953030,,,,,,,,,,,,,,0.0,,0.0478478218528858
41459763029_10153707391523030,,,,1.0,,,,,,,,,,,,0.07405483780215975
41459763029_10154317101818030,,,,,,,,,,,,,,1.0,,0.07792854205890627
417601095065729_446312715527900,,,,,,,0.0,,,,,,,,,0.08697439892661603
424159230945271_1549383875089462,,,,,1.0,,,,,,,,,,,0.06271505550866714
424159230945271_581821525179040,,,,,1.0,,,,,,,,,,,0.0478478218528858
424159230945271_590305600997299,,,,,,,,,,,,,,,0.0,0.11253219069878162
424159230945271_817205858307271,,,,,1.0,,,,,,,,,,,0.07364366248999113
424159230945271_823574241003766,,,,,,,,,,,,,0.0,,,0.0478478218528858
425927674119415_435930833158467,,,,,,,,0.0,0.0,,,,,,,0.03471185266939341
425927674119415_963884600323717,,,,0.0,,,,1.0,,,,,,,,0.07364366248999113
432475370261965_752438314932334,,,,,,,,,,,,,,0.0,,0.03748187582505572
441397215875393_1179204252094682,,,,0.0,,,,,,,,,,1.0,,0.07251834058300331
441397215875393_1236076326407474,0.0,,,,,,,0.0,0.0,,,,,,,0.08697439892661603
441397215875393_1309517532396686,,1.0,,,,,,,,,,,,,,0.03471185266939341
441397215875393_1599153053433131,,1.0,,,,,,,,,,,,,,0.11374407582938388
441397215875393_408069599330590,0.0,,,,,,,,,,,,,,,0.07792854205890627
441397215875393_675866155761830,,,,,,,,,,,1.0,0.0,,,,0.06163301521348655
441397215875393_763779343637177,,,,,0.0,,,,,,,,,,,0.0478478218528858
441397215875393_930049967010113,,,,,,1.0,,0.0,,,,,,,,0.08697439892661603
442403485851495_1342151809209987,,,,,,,,0.0,,,,,,,,0.06271505550866714
442403485851495_1443683865723447,,,,,0.0,,,,,,,,,,,0.07364366248999113
442403485851495_458027964289047,,,,,1.0,,,,,,,,,,,0.07251834058300331
442403485851495_616573908434451,,,,,,,,,,,,,,,0.0,0.06271505550866714
444503442302253_525265137559416,0.0,,,,,,,,,,,,,,,0.07792854205890627
44833802365_10150614532412366,,,,,,,,,0.0,,,,,,,0.0799844186197494
44833802365_10152828375312366,,,,,,,,,,0.0,,,,1.0,,0.07251834058300331
44833802365_10152947629752366,0.0,,,,,,,,,,,,,,,0.03748187582505572
44833802365_10153204135597366,,,,,,,,,,,,,,,0.0,0.07251834058300331
44833802365_10153490501667366,,,,,,,,,,0.0,,,,,,0.06163301521348655
44833802365_10153517878917366,,,,,,,,,,,,,,,0.0,0.07364366248999113
44833802365_10153530926417366,,,0.0,,,,,,,,,,,0.0,,0.03715726373650155
44833802365_10153645742872366,,,,,,,,,,,1.0,,,,,0.06163301521348655
44833802365_10153690877117366,,,0.0,,,,,,,,,,,0.0,,0.07405483780215975
44833802365_10153748284352366,,,,,,,,,,,1.0,,,,,0.03715726373650155
44833802365_10153809150797366,,,,,,,,1.0,,,,,,,,0.03471185266939341
44833802365_10154024178337366,,,,0.0,,,,,,0.0,,,,,,0.03471185266939341
44833802365_10154044441502366,,,,,,,,,,,,,0.0,,,0.03748187582505572
44833802365_10154407969212366,,,,,,,,,,,,,0.0,,,0.0799844186197494
44833802365_10154518142117366,,,,,,,,0.0,,,1.0,,,,,0.0799844186197494
44833802365_10154723260052366,,,,,,,,,,,0.0,,,,,0.03748187582505572
44833802365_10155135631942366,,,,,,,,,,,0.0,,,,,0.0799844186197494
44833802365_10155692309757366,,,,,,,,,,,1.0,,,,,0.03748187582505572
44833802365_10156132188852366,,,0.0,,,,,,,,,,,,,0.027072648185418425
44833802365_248846505194293,1.0,,,,,,,,,,,,,,,0.07405483780215975
44833802365_54263389703,,,,,,,,0.0,,,,,0.0,,,0.11374407582938388
449144595224589_816034231868955,,,,,,,,,,,,0.0,,,,0.07364366248999113
457243377715934_1162363923870539,,,,0.0,,,,,,,,,,,,0.08697439892661603
457243377715934_545118708928400,,,,,,,,,1.0,,,,,,,0.0478478218528858
457243377715934_582179345222336,,,1.0,,,,,,,,,,,,,0.027072648185418425
457243377715934_631265330313737,,,,,,,,0.0,,,,,,,,0.0478478218528858
460055244123143_1087145004747494,1.0,,,,,,,,,,,,,,,0.0799844186197494
460055244123143_475346912593976,,,,,,,,1.0,,,,,,,,0.06163301521348655
461364607347621_482167128600702,,1.0,,,,,,,0.0,,,,,,,0.06163301521348655
461364607347621_490753244408757,,,,,,,,,,,,1.0,,,,0.03748187582505572
461364607347621_607998646017549,,,,,,,,,,,0.0,,,,,0.03715726373650155
461364607347621_612607805556633,,,,,,,,1.0,,,,,,,,0.07251834058300331
461364607347621_626159620868118,0.0,,,,,,,,,,,,,,,0.03715726373650155
461364607347621_652581408225939,,1.0,,,,,,,,,,,,,,0.06163301521348655
461364607347621_708090686008344,,,,,,,,,,,,,,,0.0,0.07251834058300331
461364607347621_752010971616315,0.0,,0.0,,,,,,,,,,,,,0.03471185266939341
461364607347621_791433411007404,1.0,,,,,0.0,,,,,,,,,,0.07251834058300331
46151445835_10153000064060836,,1.0,,,,,,,,,,0.0,,,,0.07251834058300331
46151445835_10153437364880836,1.0,,,,,,,,,,,,,,,0.03748187582505572
46151445835_165658300214645,,1.0,,,,,,,,,,,,,,0.03471185266939341
46151445835_198800066933490,,1.0,,,,,,,,0.0,,,,,,0.03748187582505572
464079027005787_842879342459085,,,,,,1.0,,,,,,,,,,0.07251834058300331
47520761764_10151383453306765,,,,,,,,,,,1.0,,,,,0.07792854205890627
47520761764_10151660828901765,,,,0.0,,,,,,,,,,,1.0,0.06163301521348655
47520761764_10152683856076765,,,,,,,,,,,1.0,,,,,0.11253219069878162
47520761764_10152866340636765,,,,,0.0,,,,,,,,,,,0.07792854205890627
47520761764_10153379740566765,,,,,,,,,,0.0,,,,,,0.06271505550866714
47520761764_10153989498566765,,,,,,,,,,,1.0,,,,,0.027072648185418425
47520761764_10154203371056765,,,,0.0,,,,,,,,,,,,0.11374407582938388
47520761764_10154356384121765,,,,0.0,,,,,,,,,,,,0.0799844186197494
47908701568_10150197883411569,,,,,,,,,0.0,,,,,,,0.07364366248999113
47908701568_10151502480811569,,,,,,,,1.0,,,,,,,,0.08697439892661603
47908701568_10152105351701569,,,0.0,,,,,,,,,,,,,0.11253219069878162
47908701568_10152637665721569,,0.0,,,,,,,,,,,,,,0.027072648185418425
47908701568_10152823187986569,,,0.0,,,,,,,,,,,,1.0,0.11374407582938388
47908701568_10153353834266569,,,,,,0.0,,,,,1.0,,,,,0.03715726373650155
47908701568_10154495332046569,,,,1.0,,,,,,,,,,,,0.027072648185418425
47908701568_192159380852691,,,,,,,,,,,,,,1.0,,0.11253219069878162
47908701568_310663809208,,,,0.0,,,,0.0,,,,,,,,0.07364366248999113
47908701568_393668037322264,,,,,1.0,,,,,,,0.0,,,,0.08697439892661603
47908701568_455364281183149,,,,,,,0.0,,,,,,,,,0.0799844186197494
47908701568_487491754602823,,,,,1.0,,,,,,,,,,,0.08697439892661603
485258461546297_704918239580317,,,,,,,,,,,,,,,1.0,0.027072648185418425
485258461546297_814101441995329,,,,,,0.0,,,,,,,,,,0.07405483780215975
485258461546297_864887160250090,,,,,,,,,,,,,,,1.0,0.06271505550866714
490036061149758_515313111955386,,,,,,1.0,,,0.0,,,,,,,0.07405483780215975
490036061149758_521005498052814,,,,,,,,,,1.0,,,,,,0.07251834058300331
490036061149758_525243660962331,,,,,,,,,,,,,,,0.0,0.06163301521348655
490036061149758_571056696381027,,,,0.0,,,,,,1.0,,,,,,0.03715726373650155
490036061149758_632546353565394,,,,,,,,,,,,1.0,,,,0.07364366248999113
490036061149758_672309236255772,,,,,0.0,,,,,,,,,,,0.11374407582938388
490036061149758_732322180254477,,1.0,,,,,,,,,,,,,,0.08697439892661603
490036061149758_742199085933453,,,,,,,0.0,,,,0.0,,,,,0.11253219069878162
490036061149758_802672543219440,,,,,0.0,,,,,,,,,0.0,,0.07792854205890627
490036061149758_876224375864256,,,0.0,,,,,,,,,1.0,,,,0.08697439892661603
493406217459181_525139570952512,,,1.0,,,,,,,,,,,,,0.0799844186197494
493406217459181_538926486240487,,,,,,,,,1.0,,,,,,,0.06163301521348655
49348971479_10151485300541480,,,,1.0,,,,,,,,,,,,0.07792854205890627
49348971479_10151800877066480,,1.0,,,,,,,,,,,,0.0,,0.07364366248999113
49348971479_10152276090291480,,,,,,,,,,,,,,,0.0,0.03471185266939341
49348971479_10152313761061480,,,,,,,,,0.0,,,,,,,0.03471185266939341
49348971479_10152617927516480,,,,,,,,1.0,,,,,,0.0,,0.0799844186197494
49348971479_10152742445911480,,,,,,,,,,1.0,,,,,,0.07792854205890627
49348971479_10153011450146480,,,,,,,,,,,1.0,,,,,0.03748187582505572
49348971479_10153256535221480,,,,,,,,,,,,,,1.0,,0.027072648185418425
49348971479_10153581176076480,,,,,,,,,,0.0,,,,,,0.0799844186197494
49348971479_10153611917676480,,1.0,,,,,0.0,,,,,,,,,0.03748187582505572
49348971479_10153634221111480,,1.0,,,,,,,,,,,,,,0.07792854205890627
49348971479_10153772807826480,,,,,,,,,,,,,,,1.0,0.07405483780215975
49348971479_10154065446431480,,,,,,,,,,,,,,,0.0,0.0478478218528858
501359679955139_777701965654241,,,,,,,,,,,,0.0,,,,0.03748187582505572
504310436316194_1034076230006276,,,,,,,,0.0,,,,,,,,0.07405483780215975
504310436316194_1406646806082548,,,,,,,,,,,,,,0.0,,0.07405483780215975
504310436316194_853332901413944,,,,,,1.0,,,,,,,,,,0.0478478218528858
504310436316194_903223463091554,,,,,,,,,,,,,0.0,0.0,,0.11374407582938388
507636606021062_580984278686294,,,0.0,,,,,,,,,,,,,0.08697439892661603
507636606021062_633576560093732,,,,,,,,,,,,1.0,,,,0.03715726373650155
507636606021062_675874882530566,,,,,,,,,,,,,1.0,,,0.027072648185418425
515338715236513_544957185607999,,,,,,,,,,,,,1.0,,,0.07251834058300331
515338715236513_570219059748478,0.0,,,,,,,,,,,,,,,0.06163301521348655
515338715236513_628873590549691,,,,,,,,,,,,,1.0,,,0.07364366248999113
515338715236513_635482883222095,,,,,,,,,,,,,,,1.0,0.06271505550866714
515338715236513_674114682692248,0.0,,,,,,,,,,,,,,,0.11374407582938388
515338715236513_705461209557595,,,,,,,1.0,,,,,,,,,0.07364366248999113
519651124760611_1412386458820402,,,,,,,,,,,,0.0,,,,0.11253219069878162
519651124760611_870419716350415,,,,,,0.0,,,,0.0,,,,,,0.11374407582938388
520449347983427_1409284039099949,,,,,,,1.0,,,,,,,,,0.07405483780215975
520449347983427_1601341679894183,,,,,,,1.0,,,,,,,,,0.06163301521348655
526616710705073_572436462789764,,,1.0,,,,,,,,,,,,,0.027072648185418425
526620377500921_534956993333926,,,,,,,,,,,1.0,,,,,0.07405483780215975
526620377500921_550203598475932,,,,,,0.0,,,,,0.0,,,,,0.07792854205890627
529124290474705_1010689078984888,,,,,,,,,,,,,0.0,,,0.07364366248999113
529124290474705_1017419988311797,,,,1.0,,,,,,,,,,,,0.11374407582938388
529124290474705_1147119662008495,,,,1.0,,,,,,,,,,,,0.11374407582938388
529124290474705_1301934953193631,,,0.0,,,,,,,,,,,,,0.07405483780215975
529124290474705_534291466624654,,,,,,,,,0.0,,,,,,,0.0478478218528858
529124290474705_657261567660976,,,,1.0,,,,,,,,,,,,0.07792854205890627
529124290474705_872686499451814,,,,,,,,,,,,,,,1.0,0.07364366248999113
529124290474705_878970442156753,,,,,0.0,,,,,,,,1.0,,,0.03715726373650155
529124290474705_882523401801457,,,,1.0,,,,,,,,,,,,0.03715726373650155
529124290474705_904852022901928,,,,1.0,,,,,,,,,,,,0.0799844186197494
529124290474705_965308986856231,,,,,,,,,,0.0,,,,,,0.0478478218528858
531761723507375_1121780224505519,,,,,,,,,,,,,,1.0,,0.07405483780215975
531761723507375_1156195561063985,,,,,,,,,,,,,,1.0,0.0,0.07364366248999113
531761723507375_1168337373183137,,0.0,,,,,,,,,,,,,,0.07405483780215975
531761723507375_1211164492233758,,,,,,1.0,,,,,,,,,,0.11374407582938388
531761723507375_1269408086409398,,,,,,0.0,,,,,,,1.0,,,0.07405483780215975
533647596693545_1006421849416115,,,,,,,,,,,,,1.0,,,0.07364366248999113
533647596693545_1067256243332675,,,,,,,,,,,,1.0,,,,0.11374407582938388
533647596693545_1085113771546922,,,,,,1.0,,0.0,,,,,,,,0.07364366248999113
533647596693545_1146940478697584,,,,,,,,,,,,,1.0,,,0.11374407582938388
533647596693545_1157222047669427,,,,,,,,,,,,,1.0,,,0.11253219069878162
533647596693545_1157591237632508,,,,,,,,,,,,,1.0,,,0.0478478218528858
533647596693545_1246606475397650,,,,1.0,,,,,,,,,,,,0.11253219069878162
533647596693545_791640997560869,,,,,,,,,,0.0,,,,,,0.0799844186197494
536682579767128_550515471717172,,,,,,1.0,,,,,,,,,,0.0799844186197494
54513516440_10153911559951441,,,,,,,,1.0,,,,,,,,0.11253219069878162
545457835487717_891326694234161,,,,,,,1.0,,,,,,,,,0.07364366248999113
547569822031033_588788197909195,,,,,0.0,,,,,,,,,,,0.03748187582505572
547569822031033_750315831756430,,,,,0.0,,,,,,,,,,,0.08697439892661603
547569822031033_801801699941176,,,,,0.0,,,,,,,,,0.0,,0.03748187582505572
547840621916967_1389738841060470,,,,,,,,,,,,,,,1.0,0.0799844186197494
547840621916967_1428625397171814,,,1.0,,,,,,,,,,,,,0.0799844186197494
547840621916967_1587635201270832,,,0.0,,,,,,,,,,,,,0.07792854205890627
547840621916967_1643761502324868,,,,,,,0.0,,,,,,,,,0.0478478218528858
547840621916967_1696085100425841,,,,,,,,,,,,,0.0,1.0,,0.07251834058300331
55402727258_10150961031352259,,1.0,1.0,,,,,,,,,,,,,0.07792854205890627
55402727258_10155329699982259,,,,,,,,1.0,,,,,,,,0.07792854205890627
55402727258_106373689522506,,,,,0.0,,,,,,,,,,,0.07364366248999113
561507140593570_1040713682672911,,,,,,,,1.0,,,,,,,,0.08697439892661603
561507140593570_1260799500664327,,,,,,,,,1.0,,,,,,,0.027072648185418425
561507140593570_1287758224635121,,,,,,,0.0,1.0,,,,,,,,0.07792854205890627
561507140593570_712142265530056,,,,,,,,,,,,,0.0,,,0.08697439892661603
561507140593570_741692289241720,,0.0,,,,,,1.0,,,,,,,,0.03715726373650155
561507140593570_817890808288534,,,,,,,,,,,,,,0.0,,0.07792854205890627
57497067718_10153237468507719,,,,,,,,,,,,,,1.0,,0.07364366248999113
580328798749379_1105237706258483,,,,,,,,,,0.0,,,,,,0.0478478218528858
580328798749379_730197823762475,,,,,,,,0.0,,,,,,,,0.11374407582938388
58140803787_10151902565083788,,,,1.0,,,,,,,,,0.0,,,0.07792854205890627
58140803787_10153310673528788,1.0,,,,,,,,,,,,,,,0.03715726373650155
58140803787_10153334687348788,,,,,1.0,,,,,,,,,,,0.03471185266939341
58140803787_10153355551943788,,,,,,,,,,,,0.0,,0.0,,0.03471185266939341
58140803787_10153675145328788,,,,,,,,,,,,,,,0.0,0.027072648185418425
58140803787_171053382945100,,,0.0,1.0,,,,,,,,,,,,0.06271505550866714
58140803787_186324744732594,,,,,,,,,,,0.0,,,,,0.03471185266939341
58140803787_189277717810334,,,,,,,,,,,1.0,,,,,0.07792854205890627
58140803787_191780914195615,,,,1.0,,,,,,,,,,,,0.06163301521348655
584274318321462_787390104676548,,,,,,,1.0,,,,,,,,,0.03715726373650155
585121924859849_1623465227692175,,,,,,,,,,,,,0.0,,,0.03471185266939341
591707450918919_1242503595839298,,0.0,,,,,,,,,,,,1.0,,0.11374407582938388
591707450918919_670715059684824,,,,,,0.0,,,,0.0,,,,,,0.03748187582505572
591707450918919_905554689534192,,,,,,0.0,,,,,,,,,,0.07251834058300331
591707450918919_945298005559860,,,,,,,,,,,,,,,1.0,0.03471185266939341
596055947147527_1047333585353092,,,,,,,,,,,1.0,,,,,0.07364366248999113
596055947147527_1151135694972880,,,,,,,0.0,,,,,,,,,0.07405483780215975
596055947147527_1200194280067021,,,,,,0.0,,,,,,,,,,0.027072648185418425
596055947147527_1375563692530078,1.0,,,,,,,,,,,,,,,0.06163301521348655
596055947147527_666527890100332,,,,,1.0,,,,,,,,,,,0.0799844186197494
596055947147527_762937770459343,,,,,,,,,0.0,,,,,,,0.07792854205890627
596055947147527_953135801439538,,,,,,,,,,,,,0.0,,,0.06271505550866714
596055947147527_979222492164202,,,,,,,,,0.0,,,,,,,0.11253219069878162
597662496970739_620319628038359,,,,,,0.0,,,,,0.0,,,,,0.0799844186197494
59946275218_10151864925745219,,,,,1.0,,,,,,,,,,,0.0799844186197494
59946275218_10152278892925219,,,,,,,0.0,,,,,,,0.0,,0.06163301521348655
59946275218_10152307230635219,,,,1.0,,,,,,,,,,,,0.07364366248999113
59946275218_10152379721325219,,,,1.0,,,,,,,,,,,,0.11253219069878162
59946275218_10154057328345219,1.0,,,,,,,,,,,,,,,0.11253219069878162
59946275218_10154256231745219,,,,,,0.0,,,,,,,,,,0.027072648185418425
615007655212774_962297323817137,,,1.0,,,,0.0,,,,,,,,,0.11253219069878162
616747491791844_713432042123388,,,,,,,,1.0,,,,,,,,0.07792854205890627
616747491791844_806310442835547,,,,,,,,,,,,,,1.0,,0.06271505550866714
616747491791844_851917411608183,,,,,,1.0,,,,,,,,,,0.07792854205890627
626883614067034_1032552153500176,,,,,,,,,,,0.0,,,,,0.08697439892661603
627013744094945_947529308710052,,,,,,,,,,,,,,0.0,,0.0799844186197494
636277469745202_951602924879320,,0.0,,,,,,,,,,,,,,0.07405483780215975
642116389141607_1018484838171425,,,,,0.0,,,,,,,,,,,0.07364366248999113
642116389141607_10203053989296431,,,0.0,,,,,,,,,,,,,0.03748187582505572
642116389141607_1078889958797579,,,0.0,,,,,,,,,,,,,0.07364366248999113
642116389141607_1352009268152312,,,,,,0.0,,,,,,,0.0,,,0.07251834058300331
642116389141607_1475260375827200,,,,,1.0,,,,,,,,0.0,,,0.07405483780215975
642116389141607_1589740767712493,,,,0.0,,,1.0,,,,,0.0,,,,0.027072648185418425
642116389141607_1597946763558560,,,,,,,,,,,,,,,0.0,0.07364366248999113
642116389141607_690282214325024,1.0,,,,,,,,,,,,,,,0.03748187582505572
642116389141607_717772934909285,,,,1.0,,,,,,,,,,,,0.0799844186197494
642116389141607_858172857535958,,,,,,,,0.0,,1.0,,,,,,0.0478478218528858
642116389141607_945803162106260,,,,,,,,,,,,,0.0,,,0.027072648185418425
642116389141607_978110115542231,,,,,,,,,,,,,1.0,,,0.08697439892661603
653357941414990_839550586129057,,,,,,,,,,,1.0,,,,,0.11253219069878162
66224663563_10151095391453564,,,,,,,,1.0,,,,,,,,0.11253219069878162
66224663563_10151166599693564,,,,,,,,,,,,,,,0.0,0.03715726373650155
66224663563_10151698165908564,0.0,,,,,,,,,,,,,,,0.027072648185418425
66224663563_10151825781248564,,,1.0,,,,,,,,,,,,,0.0799844186197494
66224663563_10152129486733564,,,,,,,,,,,,1.0,,,,0.06163301521348655
66224663563_10152893860538564,,0.0,,,,,,,,,,,,1.0,,0.03748187582505572
66224663563_10153177211963564,,,,,,,,,,1.0,,,,,,0.06163301521348655
66224663563_10153897207898564,,,,,,,,,,,,,,,1.0,0.03715726373650155
66224663563_102030076509676,,,,,,0.0,,,,,,,,,,0.11374407582938388
66224663563_394792128563,,,,,,,0.0,,,,,,,,,0.0799844186197494
66224663563_582785435083849,,,,,,0.0,,,,,,0.0,,,,0.03715726373650155
665104106943884_763916330395994,,,,,,,,,,,,,,,0.0,0.03471185266939341
665462313475794_1296283123727040,,,,,,,,,,,0.0,,,,,0.07792854205890627
665462313475794_1428837980471553,,,,,0.0,,1.0,,,,,,,,,0.0478478218528858
665462313475794_1433913279964023,,,,,1.0,,,,,,,,,,,0.07364366248999113
665462313475794_850395524982471,,,,,,,,,,,,,1.0,,,0.06271505550866714
665462313475794_862203623801661,,,,,,,,,,,,,,,1.0,0.06163301521348655
665462313475794_868295556525801,,,,,,1.0,,,,,,,,,,0.07405483780215975
665462313475794_947177255304297,,,,,,,,,,,,,,1.0,,0.027072648185418425
67290408185_104507758447,,,,,,,,,,,,0.0,,,,0.08697439892661603
67290408185_127991177260907,,,,1.0,,,,,,,,,,,,0.11253219069878162
673183069445618_1074476902649564,,,,,0.0,,,,,,,,,,,0.11374407582938388
673183069445618_1091607787603142,,,,,,,,,,,,,,,1.0,0.11253219069878162
673183069445618_1275722675858318,,,,0.0,,,,,,0.0,,,,,,0.027072648185418425
673183069445618_710879235676001,,,,,,,,,,,,1.0,,,,0.08697439892661603
673183069445618_777297192367538,,1.0,,,,,,,,,,,,,,0.07405483780215975
673183069445618_848742608556329,,,,,,,,,,,,,,,1.0,0.0478478218528858
673183069445618_849918138438776,,,,,,,,,,,,,1.0,,,0.07792854205890627
673183069445618_864120570351866,,,,,,,,,,,,0.0,,,,0.027072648185418425
673183069445618_919433871487202,,,,,,1.0,,,,,,,,,,0.11253219069878162
676061179094769_1057325240968359,,,,,,,,,0.0,,,,,,,0.03471185266939341
676061179094769_1062391393795077,,,,,,,0.0,,,,,,,,,0.11374407582938388
676061179094769_1066717833362433,,1.0,,,,,,,,,,,,,,0.07405483780215975
676061179094769_1216018505099031,,,0.0,,,,,,,,,0.0,,,,0.027072648185418425
676061179094769_1218137848220430,,1.0,,,,,,,,,,,,,,0.027072648185418425
676061179094769_1249684505065764,,1.0,,,,,,,,,,,,,,0.03715726373650155
676061179094769_1259421350758746,,1.0,,,0.0,,,,,,,,,,,0.03715726373650155
676061179094769_1392037914402812,0.0,,,,,,,,,,,,,,,0.03748187582505572
676061179094769_1414726018561611,0.0,1.0,,,,,,,,,,,,,,0.08697439892661603
676061179094769_1420128124688067,,0.0,,,,,,,,,,1.0,,,,0.027072648185418425
676061179094769_1575450272489184,,,,,,,,0.0,,,,,,,,0.07251834058300331
676061179094769_682175751816645,,,,,,,,,,,0.0,0.0,,,,0.07405483780215975
676061179094769_803624406338445,,,,,0.0,,,,,,,,,,,0.11253219069878162
676061179094769_827019663998919,1.0,,,,,,,,,0.0,,,,,,0.11374407582938388
676061179094769_837555726278646,,,,,,,,,,,,,,1.0,,0.11253219069878162
676061179094769_949129288454622,,1.0,,,,,,,,,,,,,,0.07405483780215975
676061179094769_961503627217188,,,,0.0,,,,,,,,,,,,0.06271505550866714
676061179094769_978289298871954,,,,,,,,1.0,,,,,,0.0,,0.06271505550866714
676680495744670_861097117303006,,,,,,,,,,,1.0,0.0,,,,0.07251834058300331
683682235062292_703241309773051,,,,0.0,,,,,,,,,,,,0.027072648185418425
683682235062292_752505644846617,,,,0.0,,,,,,,,,,,,0.07251834058300331
684016791662654_773765026021163,,,,,,,,,,,,1.0,,,,0.07364366248999113
684016791662654_927093937354937,,,,,1.0,,,,,,,,,,,0.07792854205890627
684213871706672_684381588356567,,,,,,,,,,1.0,,,,,,0.07364366248999113
687073988036611_1009583345785672,,,,,,,,,1.0,,,,,,,0.11253219069878162
687073988036611_1030744020336271,,,,,,,,,,,,,1.0,,,0.07792854205890627
687073988036611_1370184926392177,,,,,,,,,,,,,0.0,,,0.08697439892661603
687073988036611_1377443085666361,,0.0,,,,,,,,,,,,,,0.027072648185418425
687073988036611_750988664978476,,,,0.0,,,,,,,,,,,,0.07364366248999113
687204124697188_1167644343319828,,,,,,,,,,1.0,,,,,,0.07792854205890627
689789987770464_698337060249090,,0.0,,,,,,,,,,,,,,0.06163301521348655
689789987770464_792264687522993,,,,,,,,,,1.0,,,,,,0.0799844186197494
689789987770464_822580634491398,,,,,,,,,,,,,1.0,,,0.07405483780215975
691707047549076_1404943462892094,,,,,,,,,,,1.0,,,,,0.11374407582938388
691707047549076_788734431179670,,,,,,0.0,,,,,,,,,,0.0799844186197494
691707047549076_873905779329201,,,,,,,,,,,,,1.0,,,0.07405483780215975
691707047549076_992329064153538,,,,,,,,,,,1.0,,,,,0.03748187582505572
699619700116377_827185337359812,,,,,,,,,,,,,,1.0,,0.0799844186197494
699619700116377_963030603775284,,,,,,1.0,,,,,,,,,,0.07792854205890627
69985338410_10151354932103411,,,,0.0,,,,,,,,,,,,0.08697439892661603
69985338410_10152396460008411,,,,,,,,,,1.0,,,,,,0.07251834058300331
69985338410_10153195770483411,,,,,,,0.0,,,1.0,,,,,,0.027072648185418425
69985338410_10153533553053411,,,,,,,,,0.0,,,,,,,0.03748187582505572
69985338410_10153551349693411,,,,,,,1.0,,,,,,,,,0.06163301521348655
69985338410_10153572697643411,,,1.0,,,,,,,,,,,,,0.03471185266939341
69985338410_10153787176243411,,,,,,0.0,,,,,,,,,,0.03471185266939341
69985338410_10154081274208411,,,,,,,,,,,,,0.0,0.0,,0.03715726373650155
69985338410_10154293354133411,1.0,,,,,,,,,,,,,,,0.08697439892661603
69985338410_10154405242573411,,,,,,,,,,1.0,,,,,,0.03748187582505572
69985338410_10154423792458411,,,,,,,,,,1.0,,,,,,0.03748187582505572
69985338410_10155019395023411,,,,,,,,,1.0,,,,,0.0,,0.0478478218528858
69985338410_120502117970113,,,,,,,,,0.0,,,,,,,0.027072648185418425
69985338410_409846702439352,,0.0,,,,,,,,,,,,,,0.07792854205890627
706909146058066_1059231380825839,1.0,,,,,,,,,,,,,0.0,,0.06163301521348655
706909146058066_1267742673308041,,,,,,,,,,,,,,0.0,,0.027072648185418425
706909146058066_1339138696168438,,,,,,,0.0,,,,,,,,,0.07364366248999113
706909146058066_758670657548581,,,,,,,,,0.0,,,,,,,0.07251834058300331
706909146058066_828238733925106,,,,,,,,,,,0.0,1.0,,,,0.07251834058300331
706909146058066_878113278937651,,,,,,,,,,,,,,1.0,,0.08697439892661603
706909146058066_881421118606867,,,,,,,,,,,,,,,0.0,0.03748187582505572
718327901589937_779103398845720,,,1.0,,,,,,,,,,,,,0.03748187582505572
724609677621578_1020765751339301,,,,,,,,,,1.0,,,,,,0.027072648185418425
745969952097681_1008579452503395,,,,,,,,,,,,,,,0.0,0.07364366248999113
745969952097681_1129570317070974,,,,,1.0,,,,,,,,,,,0.03748187582505572
747894125224212_1079135078766780,,,,0.0,,,,,,0.0,,,,,,0.027072648185418425
74796954245_100865163318425,,,,0.0,,,,,,,,,,1.0,,0.03748187582505572
74796954245_10151889902914246,,,,,,,,1.0,0.0,,,,,,,0.06271505550866714
74796954245_10151899263823471,,,,,,,,,,,,,1.0,,,0.0799844186197494
74796954245_10152048437128471,,1.0,,0.0,,,,,,,,,,,,0.08697439892661603
74796954245_10152073673869246,,,,,,,,1.0,,,,,,,,0.03471185266939341
74796954245_10152350833319246,,,,,,,,1.0,,,,,,,,0.03471185266939341
74796954245_10152463612514246,,,,,,,,,0.0,,,,,0.0,,0.11253219069878162
74796954245_10153227024529246,,,,,,,,,1.0,,,,,,,0.0799844186197494
74796954245_10153306224479246,,,,,,,,0.0,,,0.0,,,,,0.03715726373650155
74796954245_10154133513244246,,,,1.0,,,,,,,,,,,,0.03748187582505572
74796954245_10154226938069246,0.0,,,,,,,,,,,,1.0,,,0.07364366248999113
74796954245_10154381250014246,,,,,,,,,,1.0,,,,,,0.11374407582938388
74796954245_10154955138169246,,,,,,,,,,,,,,1.0,,0.08697439892661603
74796954245_10154984163419246,,,,,,,0.0,,,,,,,1.0,,0.03715726373650155
74796954245_10155240190664246,,,,,,,,,0.0,,,,,,,0.03715726373650155
74796954245_10155388389669246,,,,1.0,,,,,,,,,,,,0.11253219069878162
74796954245_134545596623949,,,,,,,,,1.0,,,,,,,0.027072648185418425
74796954245_256003817814092,,,,,,,,1.0,,,,,,,,0.07251834058300331
74796954245_379178858833579,,,,,,,,,,,,1.0,,0.0,,0.11253219069878162
759667427415169_1186282598086981,,,,,,,,,,,0.0,,,,,0.11374407582938388
759667427415169_933954919986418,,,,,0.0,,,0.0,,,,,,,,0.07364366248999113
760284577390868_812410125511646,,,,,,,,,0.0,,,,,,,0.11374407582938388
776586579040173_873572682674895,,,,,,,1.0,,,,,,,,,0.03748187582505572
78130643639_10152411122238640,,,,,,,,1.0,,,,,,,,0.06271505550866714
78130643639_10152416118773640,,0.0,,,,,,,,,,,,,,0.11253219069878162
78130643639_10152595421128640,,,,,,,0.0,,1.0,,,,,,,0.11253219069878162
78130643639_10153024232908640,,1.0,,,,,,,,,,,,,,0.11374407582938388
78130643639_10153061259828640,,,,,,,,,0.0,,,,,,,0.07364366248999113
78130643639_10153506812503640,,,,,,,,,,,1.0,,1.0,,,0.07251834058300331
78130643639_10153577720688640,,,,,,,,,,,0.0,,,,1.0,0.03748187582505572
78130643639_10154516318028640,,,,,,,,,,,,,,0.0,,0.07364366248999113
786138054750620_1069223196442103,,,,,,0.0,,,,,,,,,,0.07364366248999113
786138054750620_980135095350914,,,,,,0.0,,,,,,,,,,0.06163301521348655
786138054750620_983782571652833,,,,,,,,,,,0.0,,,,,0.07364366248999113
797914366929069_826703147383524,,,,,0.0,,,,1.0,,,,,,,0.03715726373650155
798227683607349_814145218682262,,,,,,,,1.0,,,,,,,,0.07405483780215975
798227683607349_814373338659450,,0.0,1.0,,,,,,,,,,,,,0.11253219069878162
798227683607349_885057261591057,,,,,1.0,,,,,,,,,,,0.0799844186197494
806787069416954_1042723692489956,,,,,,,,,,,,,0.0,,,0.03715726373650155
806787069416954_1083736815055310,,,,,,0.0,,,,,,,,,,0.06163301521348655
806787069416954_1260061097422880,,0.0,,,,,,,,,,,,,,0.03715726373650155
8105654079_193756137791,,1.0,,,,,,,,,,,,,,0.06271505550866714
8105654079_197528932575,0.0,,,,,,,,,,,,,,,0.06271505550866714
810791178995871_1187704027971249,,,,,,,,,0.0,,,,,,,0.03471185266939341
810791178995871_1434109873330662,,,,,,,,,,,,,,,1.0,0.07251834058300331
810791178995871_868195383255450,0.0,,,0.0,,,,,,,,,,,,0.07405483780215975
821345264625901_822587777834983,,,0.0,,,,,,,,,,,,,0.07251834058300331
821345264625901_841611312599296,,,0.0,,,,,,,,,,1.0,,,0.03471185266939341
845591568834321_1100828696643939,,0.0,,,,,,,,,,,,,,0.11374407582938388
845591568834321_915463761847101,,1.0,,,,,,,,,,,0.0,,,0.03715726373650155
847995235257955_889318684458943,,,,,1.0,,,,,,,,,,,0.0799844186197494
859179137457045_1117995561575400,,,,,,,,0.0,0.0,,,,,,,0.07792854205890627
8611462388_166740013362306,1.0,,,,,,,,,,,,,,,0.03715726373650155
8611462388_170795792942499,,,,,,0.0,,,,,,,,,,0.06271505550866714
8611462388_241764539200136,,,,,,,,,,,,,,1.0,,0.07405483780215975
8611462388_282545928491416,,1.0,,,,,,,,,,,,,,0.11253219069878162
88419746037_10153903169486038,,,,0.0,,,,,,,,,,,0.0,0.03715726373650155
88419746037_10154783293556038,,,,,,,,,,,,,,,1.0,0.03748187582505572
88419746037_10155329709431038,,,,,,,,,,,,,,,1.0,0.07364366248999113
88419746037_10155681469396038,,,,,,0.0,,,0.0,,,,,,,0.0478478218528858
88419746037_10155975292946038,,0.0,,,,,,,,,,,,,,0.07792854205890627
88419746037_10156327205386038,,,,,,1.0,,,,,,,,,,0.027072648185418425
88419746037_158333134211765,,,,,,,,,,,,,0.0,,,0.07792854205890627
897614803623718_1020823801302817,,,,,,,,,,,1.0,,,,,0.03748187582505572
897614803623718_920496014668930,,0.0,,,,,,,,,,,,,,0.06271505550866714
897614803623718_970503029668228,1.0,,,,,,,,,,,,,,,0.07364366248999113
899897623364350_937817556239023,,,,,,,,,,0.0,,,,,,0.027072648185418425
920392628013629_1171385252914364,,,,,,,,,0.0,,,,,,,0.03471185266939341
920392628013629_1309078672478354,,,,,,,,,,,,1.0,,,,0.027072648185418425
925932494102782_1017987551563942,,,,,,,,,,,,,,,1.0,0.11374407582938388
952334508116178_1127508980598729,,,,,,,,,1.0,,,,,,,0.03715726373650155
952334508116178_1130587760290851,,,,,,,,,,,0.0,,,,,0.11374407582938388
952334508116178_1136575263025434,,,,,,,0.0,,,,1.0,,,,,0.07364366248999113
952334508116178_1214093445273615,,,,,,,,,,0.0,,,0.0,,,0.0799844186197494
952334508116178_1306433366039622,,,,,,,,,0.0,,,0.0,,,,0.07792854205890627
952334508116178_1365823496767275,,,,,,,,,,,1.0,,,,,0.06271505550866714
952334508116178_1431056290243995,0.0,,,,,,,,,,,,,,,0.08697439892661603
952334508116178_1494786567204300,,,,,,,,,,,,,,,1.0,0.06271505550866714
952334508116178_1569084243107865,,,,,,,,0.0,,,,0.0,,,,0.07405483780215975
952334508116178_1743918425624445,,,,,,,,,,0.0,,,,,,0.11374407582938388
952334508116178_1757585204257767,,,,,,,,,,,,,1.0,,,0.0478478218528858
952334508116178_1788308071185480,,,,,,,,,,,0.0,,,,,0.11374407582938388
965507816809254_1040687625957939,,,,,,,,,,,1.0,,,,,0.11374407582938388
965507816809254_1109962572363777,0.0,,,,,,,,,,,,,,,0.11253219069878162
965507816809254_1212922252067808,,,,,,,,0.0,1.0,,,,,,,0.07364366248999113
965507816809254_1233936119966421,,,1.0,,,,,,,,,,,,,0.11253219069878162
965507816809254_1237573586269341,,,,,,,,,1.0,,,,,,,0.07364366248999113
965507816809254_1388070611219637,,,,,,,0.0,,,,,,,,,0.07364366248999113
965507816809254_1732532223440139,,,,0.0,,0.0,,,,,,,,,,0.07251834058300331
965507816809254_1804597979566896,,,1.0,,,,,,,,,,,,,0.03715726373650155
978478162169409_1252597051424184,,,,,,,0.0,,,,,,,,,0.11253219069878162
978478162169409_1479177268766160,,,,,,,,,1.0,,,,,,,0.03471185266939341
